row_id,order_id,order_date,ship_date,ship_mode,customer_id,customer_name,segment,country,city,state,postal_code,region,product_id,category,sub-category,product_name,sales,quantity,discount,profit
8181,CA-2015-119879,11/21/2015,11/25/2015,Standard Class,SS-20410,Shahid Shariari,Consumer,United States,Philadelphia,Pennsylvania,19120,East,FUR-TA-10002958,Furniture,Tables,"Bevis Oval Conference Table, Walnut",1252.704,8,0.4,-480.2032
7709,CA-2014-139542,10/25/2014,10/29/2014,Standard Class,EH-14185,Evan Henry,Consumer,United States,Philadelphia,Pennsylvania,19120,East,TEC-AC-10001553,Technology,Accessories,"Memorex 25GB 6X Branded Blu-Ray Recordable Disc, 15/Pack",40.776,3,0.2,0.5097
4011,CA-2017-100811,11/21/2017,11/24/2017,First Class,CC-12475,Cindy Chapman,Consumer,United States,Philadelphia,Pennsylvania,19143,East,OFF-PA-10001204,Office Supplies,Paper,Xerox 1972,8.448,2,0.2,2.64
5686,CA-2015-131072,11/5/2015,11/5/2015,Same Day,KL-16645,Ken Lonsdale,Consumer,United States,Seattle,Washington,98105,West,OFF-BI-10002794,Office Supplies,Binders,"Avery Trapezoid Ring Binder, 3"" Capacity, Black, 1040 sheets",98.352,3,0.2,35.6526
5688,CA-2014-131541,7/28/2014,7/28/2014,Same Day,CK-12205,Chloris Kastensmidt,Consumer,United States,Apopka,Florida,32712,South,FUR-FU-10003623,Furniture,Furnishings,"DataProducts Ampli Magnifier Task Lamp, Black,",129.888,6,0.2,12.9888
839,US-2016-137547,3/7/2016,3/12/2016,Standard Class,EB-13705,Ed Braxton,Corporate,United States,Fort Worth,Texas,76106,Central,TEC-PH-10002365,Technology,Phones,Belkin Grip Candy Sheer Case / Cover for iPhone 5 and 5S,21.072,3,0.2,1.5804
8380,CA-2015-162964,11/12/2015,11/18/2015,Standard Class,MF-18250,Monica Federle,Corporate,United States,Houston,Texas,77095,Central,OFF-EN-10003055,Office Supplies,Envelopes,"Blue String-Tie & Button Interoffice Envelopes, 10 x 13",223.888,7,0.2,69.965
8582,CA-2014-130673,5/20/2014,5/22/2014,Second Class,MC-17590,Matt Collister,Corporate,United States,San Marcos,Texas,78666,Central,OFF-PA-10000289,Office Supplies,Paper,Xerox 213,10.368,2,0.2,3.6288
1275,CA-2016-119186,5/26/2016,5/26/2016,Same Day,MS-17710,Maurice Satty,Consumer,United States,Fort Worth,Texas,76106,Central,FUR-CH-10001973,Furniture,Chairs,Office Star Flex Back Scooter Chair with White Frame,388.43,5,0.3,-88.784
9132,CA-2017-100055,5/28/2017,6/1/2017,Standard Class,MD-17860,Michael Dominguez,Corporate,United States,Laurel,Maryland,20707,East,FUR-FU-10001473,Furniture,Furnishings,DAX Wood Document Frame,27.46,2,0.0,9.8856
9451,CA-2017-145506,6/3/2017,6/7/2017,Standard Class,MO-17800,Meg O'Connel,Home Office,United States,Spokane,Washington,99207,West,OFF-ST-10004963,Office Supplies,Storage,Eldon Gobal File Keepers,136.26,9,0.0,5.4504
896,CA-2016-105494,11/10/2016,11/12/2016,First Class,PC-18745,Pamela Coakley,Corporate,United States,San Francisco,California,94122,West,OFF-BI-10003364,Office Supplies,Binders,Binding Machine Supplies,70.008,3,0.2,24.5028
7864,CA-2015-143364,7/14/2015,7/19/2015,Second Class,TG-21310,Toby Gnade,Consumer,United States,Mesa,Arizona,85204,West,OFF-ST-10002743,Office Supplies,Storage,SAFCO Boltless Steel Shelving,272.736,3,0.2,-64.7748
696,CA-2015-119291,5/14/2015,5/17/2015,First Class,JO-15550,Jesus Ocampo,Home Office,United States,Chester,Pennsylvania,19013,East,OFF-LA-10002312,Office Supplies,Labels,Avery 490,47.36,4,0.2,17.76
4651,CA-2017-150987,4/8/2017,4/12/2017,Standard Class,AH-10120,Adrian Hane,Home Office,United States,San Francisco,California,94110,West,OFF-PA-10001878,Office Supplies,Paper,Xerox 1891,244.55,5,0.0,114.9385
8436,US-2014-127635,9/14/2014,9/18/2014,Second Class,SC-20260,Scott Cohen,Corporate,United States,Corpus Christi,Texas,78415,Central,OFF-BI-10001721,Office Supplies,Binders,Trimflex Flexible Post Binders,8.552,2,0.8,-13.6832
5931,US-2017-169551,7/7/2017,7/9/2017,First Class,RL-19615,Rob Lucas,Consumer,United States,Philadelphia,Pennsylvania,19120,East,OFF-PA-10004100,Office Supplies,Paper,Xerox 216,15.552,3,0.2,5.4432
7688,CA-2016-169838,11/25/2016,11/29/2016,Standard Class,BB-11545,Brenda Bowman,Corporate,United States,Jackson,Michigan,49201,Central,OFF-BI-10004002,Office Supplies,Binders,Wilson Jones International Size A4 Ring Binders,17.3,1,0.0,8.304
1167,CA-2015-125416,11/2/2015,11/2/2015,Same Day,KC-16540,Kelly Collister,Consumer,United States,Seattle,Washington,98115,West,TEC-AC-10001552,Technology,Accessories,Logitech K350 2.4Ghz Wireless Keyboard,447.93,9,0.0,49.2723
8852,CA-2015-140718,7/2/2015,7/4/2015,First Class,FA-14230,Frank Atkinson,Corporate,United States,Raleigh,North Carolina,27604,South,OFF-PA-10002250,Office Supplies,Paper,Things To Do Today Pad,9.392,2,0.2,3.2872
948,US-2017-110576,11/28/2017,12/2/2017,Standard Class,RB-19795,Ross Baird,Home Office,United States,Philadelphia,Pennsylvania,19120,East,FUR-FU-10003601,Furniture,Furnishings,"Deflect-o RollaMat Studded, Beveled Mat for Medium Pile Carpeting",516.488,7,0.2,-12.9122
1576,CA-2014-101602,12/15/2014,12/18/2014,First Class,MC-18100,Mick Crebagga,Consumer,United States,El Paso,Texas,79907,Central,FUR-CH-10004675,Furniture,Chairs,"Lifetime Advantage Folding Chairs, 4/Carton",763.28,5,0.3,-21.808
524,US-2016-139486,5/21/2016,5/23/2016,First Class,LH-17155,Logan Haushalter,Consumer,United States,Los Angeles,California,90032,West,TEC-PH-10003555,Technology,Phones,Motorola HK250 Universal Bluetooth Headset,55.176,3,0.2,-12.4146
2001,CA-2017-166128,4/11/2017,4/18/2017,Standard Class,LW-17215,Luke Weiss,Consumer,United States,Pasadena,California,91104,West,TEC-AC-10001767,Technology,Accessories,SanDisk Ultra 64 GB MicroSDHC Class 10 Memory Card,199.95,5,0.0,21.9945
7842,CA-2016-116603,7/17/2016,7/22/2016,Standard Class,AT-10735,Annie Thurman,Consumer,United States,New York City,New York,10024,East,OFF-AP-10002892,Office Supplies,Appliances,Belkin F5C206VTEL 6 Outlet Surge,45.96,2,0.0,13.788
3948,CA-2016-119963,11/18/2016,11/22/2016,Standard Class,SN-20710,Steve Nguyen,Home Office,United States,Pasadena,Texas,77506,Central,OFF-AR-10003514,Office Supplies,Art,4009 Highlighters by Sanford,6.368,2,0.2,1.0348
6888,CA-2017-120222,4/25/2017,5/2/2017,Standard Class,LL-16840,Lauren Leatherbury,Consumer,United States,Los Angeles,California,90032,West,OFF-PA-10004675,Office Supplies,Paper,"Telephone Message Books with Fax/Mobile Section, 5 1/2"" x 3 3/16""",19.05,3,0.0,8.763
1924,CA-2016-156685,7/8/2016,7/10/2016,Second Class,SC-20230,Scot Coram,Corporate,United States,Arlington,Texas,76017,Central,OFF-AR-10000588,Office Supplies,Art,Newell 345,47.616,3,0.2,3.5712
3323,CA-2015-120810,7/23/2015,7/27/2015,Standard Class,TH-21550,Tracy Hopkins,Home Office,United States,New York City,New York,10009,East,OFF-AP-10002892,Office Supplies,Appliances,Belkin F5C206VTEL 6 Outlet Surge,68.94,3,0.0,20.682
8377,CA-2017-156272,3/21/2017,3/27/2017,Standard Class,PW-19030,Pauline Webber,Corporate,United States,Pompano Beach,Florida,33068,South,OFF-AP-10001242,Office Supplies,Appliances,APC 7 Outlet Network SurgeArrest Surge Protector,64.384,1,0.2,8.048
6424,CA-2015-149650,10/24/2015,10/27/2015,First Class,RD-19660,Robert Dilbeck,Home Office,United States,Oakland,California,94601,West,FUR-CH-10003956,Furniture,Chairs,Novimex High-Tech Fabric Mesh Task Chair,454.272,8,0.2,-73.8192
226,CA-2015-163055,8/9/2015,8/16/2015,Standard Class,DS-13180,David Smith,Corporate,United States,Detroit,Michigan,48227,Central,OFF-AR-10001026,Office Supplies,Art,"Sanford Uni-Blazer View Highlighters, Chisel Tip, Yellow",2.2,1,0.0,0.968
2435,CA-2015-154746,11/14/2015,11/17/2015,First Class,PJ-18835,Patrick Jones,Corporate,United States,Springfield,Virginia,22153,South,OFF-EN-10001532,Office Supplies,Envelopes,Brown Kraft Recycled Envelopes,33.96,2,0.0,16.98
8840,CA-2014-153808,4/6/2014,4/10/2014,Second Class,FH-14275,Frank Hawley,Corporate,United States,Los Angeles,California,90004,West,OFF-BI-10002794,Office Supplies,Binders,"Avery Trapezoid Ring Binder, 3"" Capacity, Black, 1040 sheets",65.568,2,0.2,23.7684
120,CA-2016-103730,6/12/2016,6/15/2016,First Class,SC-20725,Steven Cartwright,Consumer,United States,Wilmington,Delaware,19805,East,FUR-FU-10002157,Furniture,Furnishings,Artistic Insta-Plaque,47.04,3,0.0,18.3456
5851,CA-2015-121783,11/10/2015,11/14/2015,Standard Class,PO-19180,Philisse Overcash,Home Office,United States,Roseville,Minnesota,55113,Central,TEC-CO-10001571,Technology,Copiers,Sharp 1540cs Digital Laser Copier,549.99,1,0.0,274.995
7093,CA-2015-119480,1/9/2015,1/13/2015,Standard Class,CC-12685,Craig Carroll,Consumer,United States,Henderson,Kentucky,42420,South,OFF-AR-10004691,Office Supplies,Art,Boston 1730 StandUp Electric Pencil Sharpener,42.76,2,0.0,11.1176
4759,CA-2014-121573,11/3/2014,11/7/2014,Standard Class,SG-20605,Speros Goranitis,Consumer,United States,New York City,New York,10009,East,TEC-PH-10000984,Technology,Phones,Panasonic KX-TG9471B,783.96,4,0.0,219.5088
6448,US-2017-119816,3/4/2017,3/6/2017,Second Class,TT-21460,Tonja Turnell,Home Office,United States,Houston,Texas,77095,Central,OFF-LA-10002381,Office Supplies,Labels,Avery 497,2.464,1,0.2,0.8624
8858,CA-2017-135909,10/13/2017,10/20/2017,Standard Class,JW-15220,Jane Waco,Corporate,United States,Sacramento,California,95823,West,TEC-PH-10003187,Technology,Phones,Anker Astro Mini 3000mAh Ultra-Compact Portable Charger,31.984,2,0.2,-7.996
2434,US-2017-112613,5/28/2017,6/1/2017,Standard Class,JH-15910,Jonathan Howell,Consumer,United States,Houston,Texas,77070,Central,TEC-PH-10001536,Technology,Phones,Spigen Samsung Galaxy S5 Case Wallet,54.368,4,0.2,4.0776
3301,US-2014-159926,11/18/2014,11/22/2014,Standard Class,CS-11950,Carlos Soltero,Consumer,United States,Philadelphia,Pennsylvania,19140,East,OFF-ST-10003656,Office Supplies,Storage,Safco Industrial Wire Shelving,76.792,1,0.2,-16.3183
8656,CA-2014-142769,9/13/2014,9/13/2014,Same Day,RP-19390,Resi Pölking,Consumer,United States,Seattle,Washington,98103,West,TEC-AC-10000865,Technology,Accessories,WD My Passport Ultra 500GB Portable External Hard Drive,118.0,2,0.0,20.06
1133,US-2016-114776,12/6/2016,12/7/2016,First Class,GG-14650,Greg Guthrie,Corporate,United States,Antioch,California,94509,West,OFF-PA-10004100,Office Supplies,Paper,Xerox 216,19.44,3,0.0,9.3312
3608,CA-2014-163559,9/23/2014,9/28/2014,Second Class,ST-20530,Shui Tom,Consumer,United States,New York City,New York,10035,East,OFF-BI-10002026,Office Supplies,Binders,Avery Arch Ring Binders,139.44,3,0.2,47.061
6969,CA-2015-110765,10/16/2015,10/20/2015,Second Class,MP-17965,Michael Paige,Corporate,United States,New York City,New York,10011,East,TEC-PH-10004165,Technology,Phones,Mitel MiVoice 5330e IP Phone,824.97,3,0.0,214.4922
6626,CA-2015-141250,1/19/2015,1/23/2015,Standard Class,PM-18940,Paul MacIntyre,Consumer,United States,Texas City,Texas,77590,Central,FUR-CH-10004875,Furniture,Chairs,Harbour Creations 67200 Series Stacking Chairs,199.304,4,0.3,-8.5416
191,CA-2015-102281,10/12/2015,10/14/2015,First Class,MP-17470,Mark Packer,Home Office,United States,New York City,New York,10035,East,TEC-PH-10001552,Technology,Phones,I Need's 3d Hello Kitty Hybrid Silicone Case Cover for HTC One X 4g with 3d Hello Kitty Stylus Pen Green/pink,71.76,6,0.0,20.0928
7375,US-2017-123862,1/7/2017,1/9/2017,Second Class,JF-15190,Jamie Frazer,Consumer,United States,Long Beach,California,90805,West,OFF-FA-10003112,Office Supplies,Fasteners,Staples,7.89,1,0.0,3.5505
5968,CA-2016-166912,1/15/2016,1/17/2016,First Class,BE-11335,Bill Eplett,Home Office,United States,New York City,New York,10009,East,OFF-PA-10001033,Office Supplies,Paper,Xerox 1893,81.98,2,0.0,40.1702
7391,CA-2017-108035,11/29/2017,12/3/2017,Standard Class,TT-21070,Ted Trevino,Consumer,United States,Chattanooga,Tennessee,37421,South,FUR-FU-10004017,Furniture,Furnishings,"Executive Impressions 13"" Chairman Wall Clock",101.52,5,0.2,19.035
9514,CA-2016-125220,10/14/2016,10/19/2016,Standard Class,BE-11410,Bobby Elias,Consumer,United States,Appleton,Wisconsin,54915,Central,TEC-AC-10003033,Technology,Accessories,Plantronics CS510 - Over-the-Head monaural Wireless Headset System,1649.75,5,0.0,544.4175
8604,US-2016-116365,1/3/2016,1/8/2016,Standard Class,CA-12310,Christine Abelman,Corporate,United States,San Antonio,Texas,78207,Central,TEC-AC-10002217,Technology,Accessories,Imation Clip USB flash drive - 8 GB,30.08,2,0.2,-5.264
8,CA-2014-115812,6/9/2014,6/14/2014,Standard Class,BH-11710,Brosina Hoffman,Consumer,United States,Los Angeles,California,90032,West,TEC-PH-10002275,Technology,Phones,Mitel 5320 IP Phone VoIP phone,907.152,6,0.2,90.7152
1295,CA-2015-101707,8/27/2015,9/1/2015,Standard Class,PF-19165,Philip Fox,Consumer,United States,San Diego,California,92105,West,OFF-LA-10000134,Office Supplies,Labels,Avery 511,3.08,1,0.0,1.4784
1465,US-2016-104794,12/16/2016,12/19/2016,First Class,KD-16495,Keith Dawkins,Corporate,United States,New York City,New York,10009,East,OFF-FA-10001754,Office Supplies,Fasteners,Stockwell Gold Paper Clips,3.68,2,0.0,1.8032
5263,CA-2014-105165,9/7/2014,9/10/2014,First Class,SZ-20035,Sam Zeldin,Home Office,United States,Houston,Texas,77036,Central,FUR-TA-10004154,Furniture,Tables,"Riverside Furniture Oval Coffee Table, Oval End Table, End Table with Drawer",200.795,1,0.3,-22.948
9284,CA-2017-102218,9/2/2017,9/4/2017,Second Class,LW-17215,Luke Weiss,Consumer,United States,Fort Collins,Colorado,80525,West,OFF-LA-10002475,Office Supplies,Labels,Avery 519,11.696,2,0.2,3.9474
6203,CA-2016-118332,12/16/2016,12/23/2016,Standard Class,PK-19075,Pete Kriz,Consumer,United States,Apple Valley,California,92307,West,FUR-CH-10001708,Furniture,Chairs,Office Star - Contemporary Swivel Chair with Padded Adjustable Arms and Flex Back,563.92,5,0.2,7.049
2774,CA-2016-131576,11/22/2016,11/26/2016,Standard Class,RD-19585,Rob Dowd,Consumer,United States,Detroit,Michigan,48205,Central,OFF-BI-10002852,Office Supplies,Binders,Ibico Standard Transparent Covers,49.44,3,0.0,24.2256
1569,US-2017-152002,6/11/2017,6/11/2017,Same Day,DV-13465,Dianna Vittorini,Consumer,United States,Los Angeles,California,90004,West,OFF-PA-10000357,Office Supplies,Paper,"White Dual Perf Computer Printout Paper, 2700 Sheets, 1 Part, Heavyweight, 20 lbs., 14 7/8 x 11",122.97,3,0.0,60.2553
3314,US-2014-133130,9/27/2014,10/1/2014,Standard Class,TH-21100,Thea Hendricks,Consumer,United States,San Diego,California,92037,West,OFF-PA-10000675,Office Supplies,Paper,Xerox 1919,81.98,2,0.0,40.1702
9221,CA-2017-103212,10/13/2017,10/14/2017,First Class,MH-18025,Michelle Huthwaite,Consumer,United States,Lafayette,Louisiana,70506,South,OFF-LA-10000248,Office Supplies,Labels,Avery 52,11.07,3,0.0,5.2029
6390,CA-2015-147529,2/7/2015,2/11/2015,Standard Class,DK-12835,Damala Kotsonis,Corporate,United States,Springfield,Virginia,22153,South,OFF-EN-10000056,Office Supplies,Envelopes,Cameo Buff Policy Envelopes,311.15,5,0.0,146.2405
1501,CA-2017-130386,11/12/2017,11/18/2017,Standard Class,NG-18430,Nathan Gelder,Consumer,United States,Austin,Texas,78745,Central,OFF-PA-10003823,Office Supplies,Paper,Xerox 197,223.056,9,0.2,69.705
2130,US-2014-114188,5/20/2014,5/22/2014,Second Class,RF-19345,Randy Ferguson,Corporate,United States,Dover,New Hampshire,3820,East,OFF-AP-10000124,Office Supplies,Appliances,Acco 6 Outlet Guardian Basic Surge Suppressor,33.28,4,0.0,9.3184
5177,CA-2016-148908,11/5/2016,11/8/2016,First Class,JH-15985,Joseph Holt,Consumer,United States,San Francisco,California,94109,West,OFF-BI-10002082,Office Supplies,Binders,GBC Twin Loop Wire Binding Elements,53.248,2,0.2,19.968
5442,CA-2017-155929,9/9/2017,9/13/2017,Standard Class,AI-10855,Arianne Irving,Consumer,United States,Glendale,Arizona,85301,West,OFF-PA-10000859,Office Supplies,Paper,Unpadded Memo Slips,6.368,2,0.2,2.388
5137,CA-2015-146696,12/14/2015,12/19/2015,Standard Class,RD-19480,Rick Duston,Consumer,United States,San Diego,California,92105,West,OFF-BI-10002432,Office Supplies,Binders,Wilson Jones Standard D-Ring Binders,8.096,2,0.2,2.7324
2357,CA-2015-111514,8/31/2015,9/2/2015,First Class,SC-20260,Scott Cohen,Corporate,United States,San Francisco,California,94122,West,TEC-MA-10000597,Technology,Machines,Lexmark S315 Color Inkjet Printer,239.976,3,0.2,80.9919
8525,CA-2017-161172,3/16/2017,3/16/2017,Same Day,SP-20920,Susan Pistek,Consumer,United States,Columbus,Ohio,43229,East,TEC-PH-10004348,Technology,Phones,OtterBox Defender Series Case - iPhone 5c,44.376,2,0.4,-7.396
4318,CA-2015-136735,7/26/2015,8/2/2015,Standard Class,HA-14920,Helen Andreada,Consumer,United States,San Francisco,California,94110,West,OFF-EN-10002230,Office Supplies,Envelopes,Airmail Envelopes,167.86,2,0.0,78.8942
3998,CA-2015-105627,3/8/2015,3/12/2015,Standard Class,DK-12895,Dana Kaydos,Consumer,United States,Kenosha,Wisconsin,53142,Central,OFF-AR-10002704,Office Supplies,Art,Boston 1900 Electric Pencil Sharpener,14.98,1,0.0,4.494
206,CA-2017-108329,12/9/2017,12/14/2017,Standard Class,LE-16810,Laurel Elliston,Consumer,United States,Whittier,California,90604,West,TEC-PH-10001918,Technology,Phones,Nortel Business Series Terminal T7208 Digital phone,444.768,4,0.2,44.4768
8832,CA-2015-145324,11/15/2015,11/19/2015,Standard Class,DH-13675,Duane Huffman,Home Office,United States,Harrisonburg,Virginia,22801,South,FUR-FU-10002759,Furniture,Furnishings,12-1/2 Diameter Round Wall Clock,39.96,2,0.0,14.3856
8489,CA-2016-158841,2/2/2016,2/4/2016,Second Class,SE-20110,Sanjit Engle,Consumer,United States,Arlington,Virginia,22204,South,TEC-MA-10001127,Technology,Machines,"HP Designjet T520 Inkjet Large Format Printer - 24"" Color",8749.95,5,0.0,2799.984
4918,CA-2017-163125,10/9/2017,10/11/2017,Second Class,MB-17305,Maria Bertelson,Consumer,United States,League City,Texas,77573,Central,FUR-CH-10001802,Furniture,Chairs,Hon Every-Day Chair Series Swivel Task Chairs,254.058,3,0.3,-32.6646
26,CA-2016-121755,1/16/2016,1/20/2016,Second Class,EH-13945,Eric Hoffmann,Consumer,United States,Los Angeles,California,90049,West,OFF-BI-10001634,Office Supplies,Binders,Wilson Jones Active Use Binders,11.648,2,0.2,4.2224
1444,CA-2015-166135,10/1/2015,10/6/2015,Standard Class,SC-20440,Shaun Chance,Corporate,United States,Aurora,Colorado,80013,West,OFF-ST-10002974,Office Supplies,Storage,"Trav-L-File Heavy-Duty Shuttle II, Black",139.424,4,0.2,17.428
7889,CA-2016-113117,8/16/2016,8/22/2016,Standard Class,JP-15520,Jeremy Pistek,Consumer,United States,Davis,California,95616,West,OFF-PA-10000019,Office Supplies,Paper,Xerox 1931,32.4,5,0.0,15.552
4035,US-2016-108777,12/12/2016,12/12/2016,Same Day,JM-15655,Jim Mitchum,Corporate,United States,Lorain,Ohio,44052,East,OFF-BI-10003982,Office Supplies,Binders,Wilson Jones Century Plastic Molded Ring Binders,18.693,3,0.7,-14.3313
332,US-2016-150147,4/25/2016,4/29/2016,Second Class,JL-15850,John Lucas,Consumer,United States,Philadelphia,Pennsylvania,19134,East,TEC-PH-10004614,Technology,Phones,AT&T 841000 Phone,82.8,2,0.4,-20.7
3215,CA-2016-132409,5/26/2016,6/1/2016,Standard Class,TH-21235,Tiffany House,Corporate,United States,Philadelphia,Pennsylvania,19134,East,OFF-AP-10002082,Office Supplies,Appliances,Holmes HEPA Air Purifier,34.848,2,0.2,6.534
9413,CA-2015-164777,1/27/2015,1/29/2015,First Class,SC-20305,Sean Christensen,Consumer,United States,Los Angeles,California,90036,West,FUR-CH-10002024,Furniture,Chairs,HON 5400 Series Task Chairs for Big and Tall,2803.92,5,0.2,0.0
1216,US-2017-118087,9/9/2017,9/13/2017,Standard Class,SP-20620,Stefania Perrino,Corporate,United States,Philadelphia,Pennsylvania,19134,East,OFF-AR-10003602,Office Supplies,Art,"Quartet Omega Colored Chalk, 12/Pack",4.672,1,0.2,1.5768
7215,CA-2015-103072,9/27/2015,9/30/2015,Second Class,HW-14935,Helen Wasserman,Corporate,United States,Detroit,Michigan,48205,Central,OFF-AR-10000127,Office Supplies,Art,Newell 321,16.4,5,0.0,4.756
1888,CA-2014-140165,5/13/2014,5/15/2014,First Class,EH-14005,Erica Hernandez,Home Office,United States,Hialeah,Florida,33012,South,OFF-BI-10004519,Office Supplies,Binders,GBC DocuBind P100 Manual Binding Machine,398.352,8,0.7,-331.96
4782,CA-2014-159310,11/7/2014,11/12/2014,Standard Class,SC-20725,Steven Cartwright,Consumer,United States,Houston,Texas,77070,Central,OFF-BI-10000201,Office Supplies,Binders,"Avery Triangle Shaped Sheet Lifters, Black, 2/Pack",1.476,3,0.8,-2.214
7293,CA-2017-109183,12/4/2017,12/9/2017,Standard Class,LR-16915,Lena Radford,Consumer,United States,Nashville,Tennessee,37211,South,TEC-MA-10001856,Technology,Machines,Okidata C610n Printer,649.0,2,0.5,-272.58
5965,CA-2017-119011,8/20/2017,8/25/2017,Standard Class,LR-17035,Lisa Ryan,Corporate,United States,San Francisco,California,94109,West,OFF-SU-10004768,Office Supplies,Supplies,Acme Kleencut Forged Steel Scissors,17.22,3,0.0,5.166
5163,CA-2016-115378,11/18/2016,11/23/2016,Second Class,AJ-10945,Ashley Jarboe,Consumer,United States,Taylor,Michigan,48180,Central,FUR-CH-10000863,Furniture,Chairs,Novimex Swivel Fabric Task Chair,301.96,2,0.0,33.2156
7996,US-2015-165743,11/20/2015,11/23/2015,Second Class,MM-18055,Michelle Moray,Consumer,United States,Aurora,Colorado,80013,West,OFF-BI-10001758,Office Supplies,Binders,Wilson Jones 14 Line Acrylic Coated Pressboard Data Binders,9.612,6,0.7,-7.3692
9566,CA-2014-130428,3/31/2014,3/31/2014,Same Day,TG-21640,Trudy Glocke,Consumer,United States,Tampa,Florida,33614,South,FUR-CH-10002965,Furniture,Chairs,"Global Leather Highback Executive Chair with Pneumatic Height Adjustment, Black",1125.488,7,0.2,98.4802
2140,CA-2014-159520,6/6/2014,6/11/2014,Standard Class,GT-14635,Grant Thornton,Corporate,United States,Long Beach,New York,11561,East,OFF-BI-10003982,Office Supplies,Binders,Wilson Jones Century Plastic Molded Ring Binders,149.544,9,0.2,50.4711
3187,CA-2014-123498,11/7/2014,11/9/2014,First Class,TC-20980,Tamara Chand,Corporate,United States,Houston,Texas,77041,Central,OFF-EN-10004773,Office Supplies,Envelopes,Staple envelope,74.352,3,0.2,26.9526
6277,US-2016-139087,7/17/2016,7/22/2016,Second Class,DK-13375,Dennis Kane,Consumer,United States,Seattle,Washington,98105,West,OFF-LA-10001074,Office Supplies,Labels,Round Specialty Laser Printer Labels,87.71,7,0.0,41.2237
5501,CA-2017-164378,7/15/2017,7/18/2017,Second Class,MM-18055,Michelle Moray,Consumer,United States,New York City,New York,10024,East,FUR-CH-10002084,Furniture,Chairs,Hon Mobius Operator's Chair,664.146,6,0.1,88.5528
8894,CA-2014-124723,8/5/2014,8/12/2014,Standard Class,GZ-14470,Gary Zandusky,Consumer,United States,Texas City,Texas,77590,Central,FUR-TA-10001307,Furniture,Tables,"SAFCO PlanMaster Heigh-Adjustable Drafting Table Base, 43w x 30d x 30-37h, Black",489.23,2,0.3,41.934
408,CA-2017-117457,12/8/2017,12/12/2017,Standard Class,KH-16510,Keith Herrera,Consumer,United States,San Francisco,California,94110,West,OFF-PA-10003724,Office Supplies,Paper,"Wirebound Message Book, 4 per Page",27.15,5,0.0,13.3035
2436,CA-2015-154746,11/14/2015,11/17/2015,First Class,PJ-18835,Patrick Jones,Corporate,United States,Springfield,Virginia,22153,South,OFF-AP-10003057,Office Supplies,Appliances,Honeywell Enviracaire Portable HEPA Air Cleaner for 16' x 20' Room,826.11,3,0.0,322.1829
