row_id,order_id,order_date,ship_date,ship_mode,customer_id,customer_name,segment,country,city,state,postal_code,region,product_id,category,sub-category,product_name,sales,quantity,discount,profit,order_year,order_month,order_day,profit_margin,order_month_year,shipping_delay,sales_bucket
3456,CA-2016-166485,2016-02-20,2016-02-27,Standard Class,AH-10210,Alan Hwang,Consumer,United States,Nashville,Tennessee,37211,South,OFF-PA-10004996,Office Supplies,Paper,"Speediset Carbonless Redi-Letter 7"" x 8 1/2""",16.496,2,0.2,5.5674,2016,2,20,0.3375,2016-02,7,0-100
3458,CA-2017-136448,2017-09-16,2017-09-18,First Class,AS-10090,Adam Shillingsburg,Consumer,United States,Philadelphia,Pennsylvania,19143,East,FUR-FU-10003832,Furniture,Furnishings,"Eldon Expressions Punched Metal & Wood Desk Accessories, Black & Cherry",22.512,3,0.2,2.2512,2017,9,16,0.09999999999999999,2017-09,2,0-100
1703,CA-2015-114069,2015-07-13,2015-07-15,Second Class,ND-18370,Natalie DeCherney,Consumer,United States,New York City,New York,10035,East,OFF-PA-10000349,Office Supplies,Paper,Easy-staple paper,9.96,2,0.0,4.6812,2015,7,13,0.4699999999999999,2015-07,2,0-100
2306,CA-2016-115574,2016-12-23,2016-12-24,First Class,BP-11185,Ben Peterman,Corporate,United States,Chicago,Illinois,60623,Central,FUR-BO-10003441,Furniture,Bookcases,"Bush Westfield Collection Bookcases, Fully Assembled",141.372,2,0.3,-14.1372,2016,12,23,-0.09999999999999999,2016-12,1,100-500
678,US-2017-119438,2017-03-18,2017-03-23,Standard Class,CD-11980,Carol Darley,Consumer,United States,Tyler,Texas,75701,Central,TEC-AC-10003614,Technology,Accessories,"Verbatim 25 GB 6x Blu-ray Single Layer Recordable Disc, 10/Pack",27.816,3,0.2,4.5201,2017,3,18,0.1625,2017-03,5,0-100
947,US-2015-140200,2015-07-26,2015-07-28,First Class,CA-12775,Cynthia Arntzen,Consumer,United States,Mesa,Arizona,85204,West,FUR-TA-10002356,Furniture,Tables,Bevis Boat-Shaped Conference Table,393.165,3,0.5,-204.4458,2015,7,26,-0.5199999999999999,2015-07,2,100-500
4086,CA-2016-111913,2016-08-04,2016-08-06,Second Class,LC-16930,Linda Cazamias,Corporate,United States,Sacramento,California,95823,West,TEC-PH-10002275,Technology,Phones,Mitel 5320 IP Phone VoIP phone,302.384,2,0.2,30.2384,2016,8,4,0.09999999999999999,2016-08,2,100-500
9727,CA-2017-167395,2017-12-02,2017-12-04,First Class,KM-16720,Kunst Miller,Consumer,United States,Lowell,Massachusetts,1852,East,OFF-AP-10001293,Office Supplies,Appliances,Belkin 8 Outlet Surge Protector,286.86,7,0.0,80.3208,2017,12,2,0.28,2017-12,2,100-500
5180,US-2015-120502,2015-04-13,2015-04-19,Standard Class,BT-11395,Bill Tyler,Corporate,United States,Los Angeles,California,90036,West,TEC-PH-10003645,Technology,Phones,Aastra 57i VoIP phone,258.576,2,0.2,19.3932,2015,4,13,0.075,2015-04,6,100-500
919,CA-2016-165218,2016-03-05,2016-03-11,Standard Class,RW-19630,Rob Williams,Corporate,United States,Dallas,Texas,75220,Central,OFF-EN-10000056,Office Supplies,Envelopes,Cameo Buff Policy Envelopes,149.352,3,0.2,50.4063,2016,3,5,0.3375,2016-03,6,100-500
4665,CA-2016-116232,2016-09-22,2016-09-26,Standard Class,AC-10450,Amy Cox,Consumer,United States,Pembroke Pines,Florida,33024,South,OFF-BI-10004022,Office Supplies,Binders,Acco Suede Grain Vinyl Round Ring Binder,7.506,9,0.7,-6.0048,2016,9,22,-0.8,2016-09,4,0-100
4607,CA-2015-135020,2015-05-28,2015-06-02,Standard Class,MS-17770,Maxwell Schwartz,Consumer,United States,Rochester,New York,14609,East,TEC-PH-10004093,Technology,Phones,Panasonic Kx-TS550,45.99,1,0.0,13.3371,2015,5,28,0.29,2015-05,5,0-100
4750,CA-2016-123526,2016-12-24,2016-12-25,First Class,BV-11245,Benjamin Venier,Corporate,United States,Seattle,Washington,98103,West,OFF-PA-10002986,Office Supplies,Paper,Xerox 1898,33.4,5,0.0,16.032,2016,12,24,0.48000000000000004,2016-12,1,0-100
29,US-2015-150630,2015-09-17,2015-09-21,Standard Class,TB-21520,Tracy Blumstein,Consumer,United States,Philadelphia,Pennsylvania,19140,East,OFF-BI-10000474,Office Supplies,Binders,Avery Recycled Flexi-View Covers for Binding Systems,9.618,2,0.7,-7.0532,2015,9,17,-0.7333333333333334,2015-09,4,0-100
5273,CA-2017-125913,2017-01-16,2017-01-16,Same Day,JO-15145,Jack O'Briant,Corporate,United States,Los Angeles,California,90008,West,FUR-TA-10001520,Furniture,Tables,"Lesro Sheffield Collection Coffee Table, End Table, Center Table, Corner Table",399.672,7,0.2,-14.9877,2017,1,16,-0.0375,2017-01,0,100-500
402,CA-2016-108987,2016-09-08,2016-09-10,Second Class,AG-10675,Anna Gayman,Consumer,United States,Houston,Texas,77036,Central,TEC-AC-10000158,Technology,Accessories,Sony 64GB Class 10 Micro SDHC R40 Memory Card,57.584,2,0.2,0.7198,2016,9,8,0.012499999999999999,2016-09,2,0-100
6609,CA-2016-148852,2016-05-26,2016-05-31,Standard Class,SV-20785,Stewart Visinsky,Consumer,United States,Santa Ana,California,92704,West,TEC-MA-10002428,Technology,Machines,Fellowes Powershred HS-440 4-Sheet High Security Shredder,371.976,3,0.2,116.2425,2016,5,26,0.3125,2016-05,5,100-500
5725,CA-2014-103191,2014-09-22,2014-09-27,Standard Class,VG-21805,Vivek Grady,Corporate,United States,Chicago,Illinois,60653,Central,OFF-ST-10002574,Office Supplies,Storage,"SAFCO Commercial Wire Shelving, Black",331.536,3,0.2,-82.884,2014,9,22,-0.25,2014-09,5,100-500
3827,CA-2014-132801,2014-10-07,2014-10-12,Standard Class,JG-15805,John Grady,Corporate,United States,Dallas,Texas,75217,Central,OFF-ST-10001228,Office Supplies,Storage,"Fellowes Personal Hanging Folder Files, Navy",107.44,10,0.2,10.744,2014,10,7,0.1,2014-10,5,100-500
7571,CA-2014-133830,2014-12-05,2014-12-10,Standard Class,RL-19615,Rob Lucas,Consumer,United States,Los Angeles,California,90045,West,OFF-FA-10002280,Office Supplies,Fasteners,Advantus Plastic Paper Clips,15.0,3,0.0,7.2,2014,12,5,0.48000000000000004,2014-12,5,0-100
42,CA-2017-120999,2017-09-10,2017-09-15,Standard Class,LC-16930,Linda Cazamias,Corporate,United States,Naperville,Illinois,60540,Central,TEC-PH-10004093,Technology,Phones,Panasonic Kx-TS550,147.168,4,0.2,16.5564,2017,9,10,0.11249999999999999,2017-09,5,100-500
302,CA-2016-142545,2016-10-28,2016-11-03,Standard Class,JD-15895,Jonathan Doherty,Corporate,United States,Belleville,New Jersey,7109,East,FUR-FU-10001861,Furniture,Furnishings,"Floodlight Indoor Halogen Bulbs, 1 Bulb per Pack, 60 Watts",77.6,4,0.0,38.024,2016,10,28,0.49000000000000005,2016-10,6,0-100
6073,CA-2015-120901,2015-12-31,2016-01-04,Standard Class,BG-11035,Barry Gonzalez,Consumer,United States,Austin,Texas,78745,Central,OFF-FA-10001561,Office Supplies,Fasteners,Stockwell Push Pins,3.488,2,0.2,0.5668,2015,12,31,0.1625,2015-12,4,0-100
982,CA-2014-163419,2014-11-11,2014-11-14,Second Class,TZ-21580,Tracy Zic,Consumer,United States,Louisville,Colorado,80027,West,OFF-AR-10000034,Office Supplies,Art,"BIC Brite Liner Grip Highlighters, Assorted, 5/Pack",3.392,1,0.2,0.8056,2014,11,11,0.2375,2014-11,3,0-100
7974,US-2015-126753,2015-08-16,2015-08-20,Standard Class,SP-20860,Sung Pak,Corporate,United States,Philadelphia,Pennsylvania,19134,East,OFF-BI-10003981,Office Supplies,Binders,"Avery Durable Plastic 1"" Binders",2.724,2,0.7,-1.9068,2015,8,16,-0.7,2015-08,4,0-100
9208,CA-2017-140781,2017-08-03,2017-08-07,Standard Class,AB-10105,Adrian Barton,Consumer,United States,Bloomington,Illinois,61701,Central,TEC-AC-10000682,Technology,Accessories,Kensington K72356US Mouse-in-a-Box USB Desktop Mouse,39.816,3,0.2,7.4655,2017,8,3,0.18749999999999997,2017-08,4,0-100
2041,CA-2015-122287,2015-06-18,2015-06-23,Standard Class,SN-20560,Skye Norling,Home Office,United States,Peoria,Arizona,85345,West,OFF-BI-10003707,Office Supplies,Binders,Aluminum Screw Posts,9.156,2,0.7,-6.104,2015,6,18,-0.6666666666666666,2015-06,5,0-100
7791,CA-2017-160801,2017-09-19,2017-09-19,Same Day,FG-14260,Frank Gastineau,Home Office,United States,Philadelphia,Pennsylvania,19120,East,OFF-BI-10001132,Office Supplies,Binders,"Acco PRESSTEX Data Binder with Storage Hooks, Dark Blue, 9 1/2"" X 11""",4.842,3,0.7,-3.3894,2017,9,19,-0.7000000000000001,2017-09,0,0-100
3100,CA-2017-131233,2017-04-14,2017-04-19,Standard Class,CS-12355,Christine Sundaresam,Consumer,United States,New York City,New York,10024,East,OFF-BI-10000829,Office Supplies,Binders,Avery Non-Stick Binders,10.776,3,0.2,3.5022,2017,4,14,0.325,2017-04,5,0-100
5144,CA-2016-111213,2016-04-01,2016-04-05,Standard Class,FP-14320,Frank Preis,Consumer,United States,New York City,New York,10009,East,OFF-BI-10004140,Office Supplies,Binders,Avery Non-Stick Binders,3.592,1,0.2,1.1225,2016,4,1,0.3125,2016-04,4,0-100
6891,CA-2017-164756,2017-09-18,2017-09-22,Standard Class,SS-20140,Saphhira Shifley,Corporate,United States,Columbus,Georgia,31907,South,OFF-PA-10000673,Office Supplies,Paper,"Post-it Important Message Note Pad, Neon Colors, 50 Sheets/Pad",50.96,7,0.0,24.4608,2017,9,18,0.48,2017-09,4,0-100
2865,US-2017-103828,2017-08-13,2017-08-13,Same Day,JK-15370,Jay Kimmel,Consumer,United States,San Francisco,California,94122,West,OFF-AP-10004249,Office Supplies,Appliances,Staple holder,83.79,7,0.0,22.6233,2017,8,13,0.26999999999999996,2017-08,0,0-100
7679,CA-2014-133592,2014-12-31,2015-01-07,Standard Class,KM-16375,Katherine Murray,Home Office,United States,Providence,Rhode Island,2908,East,OFF-PA-10002586,Office Supplies,Paper,Xerox 1970,14.94,3,0.0,7.0218,2014,12,31,0.47000000000000003,2014-12,7,0-100
1576,CA-2014-101602,2014-12-15,2014-12-18,First Class,MC-18100,Mick Crebagga,Consumer,United States,El Paso,Texas,79907,Central,FUR-CH-10004675,Furniture,Chairs,"Lifetime Advantage Folding Chairs, 4/Carton",763.28,5,0.3,-21.808,2014,12,15,-0.02857142857142857,2014-12,3,500-1000
1090,CA-2017-158407,2017-06-04,2017-06-10,Standard Class,LW-16990,Lindsay Williams,Corporate,United States,Monroe,North Carolina,28110,South,FUR-FU-10001967,Furniture,Furnishings,Telescoping Adjustable Floor Lamp,31.984,2,0.2,1.999,2017,6,4,0.0625,2017-06,6,0-100
6661,CA-2015-129322,2015-08-08,2015-08-10,Second Class,DB-13405,Denny Blanton,Consumer,United States,Lawrence,Massachusetts,1841,East,OFF-AR-10004587,Office Supplies,Art,"Boston 1827 Commercial Additional Cutter, Drive Gear & Gear Rack for 1606",39.66,2,0.0,11.898,2015,8,8,0.30000000000000004,2015-08,2,0-100
931,CA-2017-144932,2017-04-14,2017-04-17,First Class,AB-10165,Alan Barnes,Consumer,United States,Toledo,Ohio,43615,East,OFF-AR-10001468,Office Supplies,Art,"Sanford Prismacolor Professional Thick Lead Art Pencils, 36-Color Set",89.856,3,0.2,21.3408,2017,4,14,0.23750000000000004,2017-04,3,0-100
298,CA-2014-111451,2014-12-26,2014-12-28,First Class,KL-16555,Kelly Lampkin,Corporate,United States,Colorado Springs,Colorado,80906,West,OFF-FA-10004854,Office Supplies,Fasteners,"Vinyl Coated Wire Paper Clips in Organizer Box, 800/Box",27.552,3,0.2,9.2988,2014,12,26,0.3375,2014-12,2,0-100
5082,US-2015-137533,2015-12-18,2015-12-18,Same Day,JK-15640,Jim Kriz,Home Office,United States,Cleveland,Ohio,44105,East,OFF-PA-10003441,Office Supplies,Paper,Xerox 226,20.736,4,0.2,7.2576,2015,12,18,0.35,2015-12,0,0-100
2443,CA-2016-146934,2016-05-22,2016-05-27,Standard Class,AF-10870,Art Ferguson,Consumer,United States,Passaic,New Jersey,7055,East,OFF-AP-10003217,Office Supplies,Appliances,Eureka Sanitaire  Commercial Upright,662.84,4,0.0,172.3384,2016,5,22,0.26,2016-05,5,500-1000
7806,CA-2015-102260,2015-09-22,2015-09-26,Standard Class,SJ-20125,Sanjit Jacobs,Home Office,United States,Franklin,Tennessee,37064,South,OFF-AR-10001315,Office Supplies,Art,Newell 310,2.816,2,0.2,0.3168,2015,9,22,0.11250000000000002,2015-09,4,0-100
540,CA-2015-134894,2015-12-07,2015-12-11,Standard Class,DK-12985,Darren Koutras,Consumer,United States,Henderson,Kentucky,42420,South,FUR-CH-10002647,Furniture,Chairs,"Situations Contoured Folding Chairs, 4/Set",283.92,4,0.0,70.98,2015,12,7,0.25,2015-12,4,100-500
6267,CA-2014-146731,2014-11-03,2014-11-08,Standard Class,AT-10735,Annie Thurman,Consumer,United States,Nashville,Tennessee,37211,South,OFF-PA-10001019,Office Supplies,Paper,Xerox 1884,143.856,9,0.2,48.5514,2014,11,3,0.3375,2014-11,5,100-500
5804,US-2017-106796,2017-05-12,2017-05-19,Standard Class,JP-16135,Julie Prescott,Home Office,United States,Springfield,Ohio,45503,East,OFF-AR-10003504,Office Supplies,Art,Newell 347,10.272,3,0.2,1.1556,2017,5,12,0.11249999999999999,2017-05,7,0-100
3629,CA-2014-169726,2014-08-09,2014-08-13,Standard Class,JH-15985,Joseph Holt,Consumer,United States,Seattle,Washington,98103,West,OFF-BI-10004600,Office Supplies,Binders,Ibico Ibimaster 300 Manual Binding System,2060.744,7,0.2,643.9825,2014,8,9,0.31249999999999994,2014-08,4,1000-5000
9081,CA-2017-166898,2017-09-11,2017-09-13,Second Class,KH-16630,Ken Heidel,Corporate,United States,Santa Ana,California,92704,West,TEC-PH-10002564,Technology,Phones,OtterBox Defender Series Case - Samsung Galaxy S4,143.952,6,0.2,17.994,2017,9,11,0.125,2017-09,2,100-500
9022,CA-2015-129525,2015-11-15,2015-11-20,Standard Class,VP-21760,Victoria Pisteka,Corporate,United States,Toledo,Ohio,43615,East,OFF-BI-10002133,Office Supplies,Binders,"Wilson Jones Elliptical Ring 3 1/2"" Capacity Binders, 800 sheets",166.92,13,0.7,-116.844,2015,11,15,-0.7000000000000001,2015-11,5,100-500
4317,CA-2015-115945,2015-06-25,2015-07-01,Standard Class,AB-10165,Alan Barnes,Consumer,United States,Los Angeles,California,90045,West,OFF-ST-10001963,Office Supplies,Storage,Tennsco Regal Shelving Units,304.23,3,0.0,9.1269,2015,6,25,0.029999999999999995,2015-06,6,100-500
9729,CA-2017-167395,2017-12-02,2017-12-04,First Class,KM-16720,Kunst Miller,Consumer,United States,Lowell,Massachusetts,1852,East,OFF-SU-10001935,Office Supplies,Supplies,Staple remover,4.36,2,0.0,0.1744,2017,12,2,0.039999999999999994,2017-12,2,0-100
8170,CA-2017-107174,2017-11-06,2017-11-13,Standard Class,AB-10060,Adam Bellavance,Home Office,United States,Seattle,Washington,98105,West,FUR-CH-10003312,Furniture,Chairs,Hon 2090 Pillow Soft Series Mid Back Swivel/Tilt Chairs,449.568,2,0.2,-73.0548,2017,11,6,-0.1625,2017-11,7,100-500
36,CA-2016-117590,2016-12-08,2016-12-10,First Class,GH-14485,Gene Hale,Corporate,United States,Richardson,Texas,75080,Central,TEC-PH-10004977,Technology,Phones,GE 30524EE4,1097.544,7,0.2,123.4737,2016,12,8,0.11249999999999999,2016-12,2,1000-5000
6689,CA-2017-140494,2017-03-10,2017-03-15,Second Class,CM-11815,Candace McMahon,Corporate,United States,San Francisco,California,94109,West,TEC-AC-10004568,Technology,Accessories,Maxell LTO Ultrium - 800 GB,111.96,4,0.0,21.2724,2017,3,10,0.19000000000000003,2017-03,5,100-500
1374,US-2014-157021,2014-04-01,2014-04-06,Second Class,KM-16720,Kunst Miller,Consumer,United States,Vallejo,California,94591,West,OFF-BI-10000042,Office Supplies,Binders,"Pressboard Data Binder, Crimson, 12"" X 8 1/2""",17.088,4,0.2,5.5536,2014,4,1,0.325,2014-04,5,0-100
6768,CA-2017-100615,2017-04-20,2017-04-24,Standard Class,SJ-20215,Sarah Jordon,Consumer,United States,Chicago,Illinois,60653,Central,FUR-FU-10002456,Furniture,Furnishings,"Master Caster Door Stop, Large Neon Orange",14.56,5,0.6,-6.188,2017,4,20,-0.425,2017-04,4,0-100
3943,CA-2017-160458,2017-05-27,2017-05-29,Second Class,EH-13945,Eric Hoffmann,Consumer,United States,Memphis,Tennessee,38109,South,OFF-PA-10001166,Office Supplies,Paper,Xerox 2,25.92,5,0.2,9.072,2017,5,27,0.3499999999999999,2017-05,2,0-100
118,CA-2015-110457,2015-03-02,2015-03-06,Standard Class,DK-13090,Dave Kipp,Consumer,United States,Seattle,Washington,98103,West,FUR-TA-10001768,Furniture,Tables,Hon Racetrack Conference Tables,787.53,3,0.0,165.3813,2015,3,2,0.21000000000000002,2015-03,4,500-1000
616,CA-2017-138611,2017-11-14,2017-11-17,Second Class,CK-12595,Clytie Kelty,Consumer,United States,Grove City,Ohio,43123,East,OFF-BI-10002949,Office Supplies,Binders,Prestige Round Ring Binders,3.648,2,0.7,-2.7968,2017,11,14,-0.7666666666666667,2017-11,3,0-100
3221,US-2015-137008,2015-10-02,2015-10-08,Standard Class,JP-15460,Jennifer Patt,Corporate,United States,Lakewood,New Jersey,8701,East,OFF-EN-10002500,Office Supplies,Envelopes,Globe Weis Peel & Seel First Class Envelopes,51.12,4,0.0,23.004,2015,10,2,0.45000000000000007,2015-10,6,0-100
5282,CA-2015-105158,2015-09-05,2015-09-10,Standard Class,SP-20860,Sung Pak,Corporate,United States,Rochester,Minnesota,55901,Central,FUR-FU-10001706,Furniture,Furnishings,Longer-Life Soft White Bulbs,6.16,2,0.0,2.9568,2015,9,5,0.48,2015-09,5,0-100
2368,CA-2017-123659,2017-02-10,2017-02-13,First Class,MN-17935,Michael Nguyen,Consumer,United States,Clinton,Maryland,20735,East,OFF-PA-10002464,Office Supplies,Paper,HP Office Recycled Paper (20Lb. and 87 Bright),23.12,4,0.0,11.3288,2017,2,10,0.48999999999999994,2017-02,3,0-100
9484,CA-2014-122679,2014-07-22,2014-07-28,Standard Class,AB-10255,Alejandro Ballentine,Home Office,United States,Los Angeles,California,90008,West,OFF-AR-10004757,Office Supplies,Art,Crayola Colored Pencils,19.68,6,0.0,6.4944,2014,7,22,0.33,2014-07,6,0-100
1847,US-2017-158512,2017-01-12,2017-01-17,Second Class,DA-13450,Dianna Arnett,Home Office,United States,Washington,District of Columbia,20016,East,FUR-FU-10004973,Furniture,Furnishings,Flat Face Poster Frame,37.68,2,0.0,15.8256,2017,1,12,0.42,2017-01,5,0-100
1271,US-2016-103646,2016-04-21,2016-04-26,Standard Class,SP-20545,Sibella Parks,Corporate,United States,Chicago,Illinois,60623,Central,OFF-ST-10000563,Office Supplies,Storage,Fellowes Bankers Box Stor/Drawer Steel Plus,102.336,4,0.2,-12.792,2016,4,21,-0.125,2016-04,5,100-500
666,CA-2017-132682,2017-06-08,2017-06-10,Second Class,TH-21235,Tiffany House,Corporate,United States,Dallas,Texas,75081,Central,OFF-SU-10004231,Office Supplies,Supplies,Acme Tagit Stainless Steel Antibacterial Scissors,23.76,3,0.2,2.079,2017,6,8,0.08750000000000001,2017-06,2,0-100
1420,CA-2015-124800,2015-09-26,2015-09-30,Standard Class,RW-19540,Rick Wilson,Corporate,United States,Mesa,Arizona,85204,West,OFF-PA-10000501,Office Supplies,Paper,Petty Cash Envelope,86.272,4,0.2,31.2736,2015,9,26,0.36249999999999993,2015-09,4,0-100
15,US-2015-118983,2015-11-22,2015-11-26,Standard Class,HP-14815,Harold Pawlan,Home Office,United States,Fort Worth,Texas,76106,Central,OFF-AP-10002311,Office Supplies,Appliances,"Holmes Replacement Filter for HEPA Air Cleaner, Very Large Room, HEPA Filter",68.81,5,0.8,-123.858,2015,11,22,-1.8,2015-11,4,0-100
2947,CA-2017-169859,2017-12-14,2017-12-18,Standard Class,MP-18175,Mike Pelletier,Home Office,United States,San Diego,California,92024,West,FUR-FU-10004963,Furniture,Furnishings,"Eldon 400 Class Desk Accessories, Black Carbon",26.25,3,0.0,11.025,2017,12,14,0.42000000000000004,2017-12,4,0-100
2763,CA-2017-126536,2017-10-12,2017-10-14,First Class,NK-18490,Neil Knudson,Home Office,United States,San Francisco,California,94110,West,OFF-BI-10001191,Office Supplies,Binders,Canvas Sectional Post Binders,101.84,5,0.2,36.917,2017,10,12,0.3625,2017-10,2,100-500
4935,CA-2015-106978,2015-09-28,2015-10-04,Standard Class,ZC-21910,Zuschuss Carroll,Consumer,United States,Aurora,Colorado,80013,West,OFF-FA-10003021,Office Supplies,Fasteners,Staples,4.512,3,0.2,0.846,2015,9,28,0.1875,2015-09,6,0-100
3061,CA-2016-144554,2016-11-07,2016-11-12,Standard Class,DM-13345,Denise Monton,Corporate,United States,Newark,Ohio,43055,East,TEC-AC-10002800,Technology,Accessories,Plantronics Audio 478 Stereo USB Headset,119.976,3,0.2,22.4955,2016,11,7,0.1875,2016-11,5,100-500
2722,CA-2014-121286,2014-11-04,2014-11-08,Second Class,ON-18715,Odella Nelson,Corporate,United States,Cary,North Carolina,27511,South,OFF-AP-10004859,Office Supplies,Appliances,Acco 6 Outlet Guardian Premium Surge Suppressor,58.24,5,0.2,5.096,2014,11,4,0.0875,2014-11,4,0-100
3663,US-2017-129777,2017-07-03,2017-07-09,Standard Class,FM-14290,Frank Merwin,Home Office,United States,Quincy,Massachusetts,2169,East,TEC-AC-10003590,Technology,Accessories,"TRENDnet 56K USB 2.0 Phone, Internet and Fax Modem",258.9,10,0.0,93.204,2017,7,3,0.36,2017-07,6,100-500
6406,CA-2017-154074,2017-08-31,2017-09-02,Second Class,BW-11110,Bart Watters,Corporate,United States,Spokane,Washington,99207,West,FUR-CH-10002331,Furniture,Chairs,Hon 4700 Series Mobuis Mid-Back Task Chairs with Adjustable Arms,569.568,2,0.2,7.1196,2017,8,31,0.0125,2017-08,2,500-1000
354,CA-2016-129714,2016-09-01,2016-09-03,First Class,AB-10060,Adam Bellavance,Home Office,United States,New York City,New York,10009,East,OFF-BI-10004995,Office Supplies,Binders,GBC DocuBind P400 Electric Binding System,4355.168,4,0.2,1415.4296,2016,9,1,0.325,2016-09,2,1000-5000
1251,CA-2017-115602,2017-12-18,2017-12-24,Standard Class,DJ-13630,Doug Jacobs,Consumer,United States,New York City,New York,10009,East,OFF-AP-10000891,Office Supplies,Appliances,Kensington 7 Outlet MasterPiece HOMEOFFICE Power Control Center,1704.56,13,0.0,511.368,2017,12,18,0.3,2017-12,6,1000-5000
1182,CA-2014-128146,2014-06-21,2014-06-25,Standard Class,DB-13060,Dave Brooks,Consumer,United States,Lakewood,New Jersey,8701,East,OFF-AR-10001919,Office Supplies,Art,"OIC #2 Pencils, Medium Soft",3.76,2,0.0,1.0904,2014,6,21,0.29000000000000004,2014-06,4,0-100
5676,CA-2014-135993,2014-05-28,2014-06-02,Standard Class,PJ-18835,Patrick Jones,Corporate,United States,Seattle,Washington,98115,West,TEC-PH-10001552,Technology,Phones,I Need's 3d Hello Kitty Hybrid Silicone Case Cover for HTC One X 4g with 3d Hello Kitty Stylus Pen Green/pink,57.408,6,0.2,5.7408,2014,5,28,0.1,2014-05,5,0-100
5407,US-2016-143280,2016-02-22,2016-02-26,Standard Class,TZ-21580,Tracy Zic,Consumer,United States,Los Angeles,California,90045,West,OFF-FA-10000992,Office Supplies,Fasteners,"Acco Clips to Go Binder Clips, 24 Clips in Two Sizes",10.65,3,0.0,5.0055,2016,2,22,0.47,2016-02,4,0-100
9358,CA-2016-168046,2016-01-25,2016-01-28,Second Class,JD-15895,Jonathan Doherty,Corporate,United States,New York City,New York,10024,East,OFF-BI-10003676,Office Supplies,Binders,"GBC Standard Recycled Report Covers, Clear Plastic Sheets",43.12,5,0.2,15.092,2016,1,25,0.35000000000000003,2016-01,3,0-100
7648,CA-2016-138968,2016-03-15,2016-03-16,First Class,FC-14335,Fred Chung,Corporate,United States,San Francisco,California,94110,West,OFF-BI-10003529,Office Supplies,Binders,Avery Round Ring Poly Binders,4.544,2,0.2,1.6472,2016,3,15,0.36250000000000004,2016-03,1,0-100
9746,CA-2017-137505,2017-11-24,2017-11-24,Same Day,BP-11290,Beth Paige,Consumer,United States,Los Angeles,California,90008,West,FUR-TA-10000617,Furniture,Tables,"Hon Practical Foundations 30 x 60 Training Table, Light Gray/Charcoal",364.08,2,0.2,9.102,2017,11,24,0.025,2017-11,0,100-500
9154,US-2015-106873,2015-09-24,2015-09-29,Second Class,KM-16720,Kunst Miller,Consumer,United States,Avondale,Arizona,85323,West,OFF-AR-10001246,Office Supplies,Art,Newell 317,16.464,7,0.2,1.8522,2015,9,24,0.11250000000000002,2015-09,5,0-100
5270,CA-2017-144484,2017-09-11,2017-09-11,Same Day,CB-12025,Cassandra Brandow,Consumer,United States,San Francisco,California,94110,West,FUR-FU-10000260,Furniture,Furnishings,"6"" Cubicle Wall Clock, Black",32.36,4,0.0,11.6496,2017,9,11,0.36,2017-09,0,0-100
5186,CA-2015-134719,2015-10-10,2015-10-15,Standard Class,JD-15790,John Dryer,Consumer,United States,Jacksonville,Florida,32216,South,OFF-ST-10004459,Office Supplies,Storage,Tennsco Single-Tier Lockers,1801.632,6,0.2,-337.806,2015,10,10,-0.18749999999999997,2015-10,5,1000-5000
1604,CA-2017-116645,2017-11-30,2017-12-04,Standard Class,ME-17725,Max Engle,Consumer,United States,Newark,Delaware,19711,East,OFF-AR-10001044,Office Supplies,Art,"BOSTON Ranger #55 Pencil Sharpener, Black",155.94,6,0.0,45.2226,2017,11,30,0.29,2017-11,4,100-500
9932,CA-2015-104948,2015-11-13,2015-11-17,Standard Class,KH-16510,Keith Herrera,Consumer,United States,San Bernardino,California,92404,West,FUR-BO-10004357,Furniture,Bookcases,O'Sullivan Living Dimensions 3-Shelf Bookcases,683.332,4,0.15,-40.196,2015,11,13,-0.058823529411764705,2015-11,4,500-1000
8697,CA-2017-119284,2017-06-15,2017-06-20,Standard Class,TS-21205,Thomas Seio,Corporate,United States,Nashville,Tennessee,37211,South,TEC-PH-10001051,Technology,Phones,HTC One,239.976,3,0.2,26.9973,2017,6,15,0.1125,2017-06,5,100-500
5317,US-2017-162558,2017-10-02,2017-10-05,First Class,Dp-13240,Dean percer,Home Office,United States,Knoxville,Tennessee,37918,South,FUR-FU-10002364,Furniture,Furnishings,"Eldon Expressions Wood Desk Accessories, Oak",11.808,2,0.2,1.3284,2017,10,2,0.1125,2017-10,3,0-100
3109,CA-2016-121671,2016-07-17,2016-07-22,Standard Class,AA-10480,Andrew Allen,Consumer,United States,Springfield,Missouri,65807,Central,OFF-ST-10002344,Office Supplies,Storage,"Carina 42""Hx23 3/4""W Media Storage Unit",242.94,3,0.0,4.8588,2016,7,17,0.019999999999999997,2016-07,5,100-500
2548,US-2015-128090,2015-08-16,2015-08-22,Standard Class,JM-15865,John Murray,Consumer,United States,Phoenix,Arizona,85023,West,OFF-AR-10002255,Office Supplies,Art,Newell 346,2.304,1,0.2,0.2592,2015,8,16,0.1125,2015-08,6,0-100
5312,CA-2016-123414,2016-08-21,2016-08-27,Standard Class,SU-20665,Stephanie Ulpright,Home Office,United States,Greenville,North Carolina,27834,South,OFF-LA-10004559,Office Supplies,Labels,Avery 49,9.216,4,0.2,3.3408,2016,8,21,0.36250000000000004,2016-08,6,0-100
4888,CA-2016-163167,2016-11-28,2016-12-01,Second Class,RF-19345,Randy Ferguson,Corporate,United States,Marietta,Georgia,30062,South,TEC-AC-10003441,Technology,Accessories,Kingston Digital DataTraveler 32GB USB 2.0,101.7,6,0.0,6.102,2016,11,28,0.060000000000000005,2016-11,3,100-500
6023,CA-2014-130869,2014-11-17,2014-11-21,Standard Class,CB-12025,Cassandra Brandow,Consumer,United States,Cedar Hill,Texas,75104,Central,OFF-EN-10002600,Office Supplies,Envelopes,"Redi-Strip #10 Envelopes, 4 1/8 x 9 1/2",7.08,3,0.2,2.478,2014,11,17,0.35000000000000003,2014-11,4,0-100
8976,CA-2017-156622,2017-11-23,2017-11-26,First Class,JP-15460,Jennifer Patt,Corporate,United States,Dallas,Texas,75220,Central,OFF-PA-10002923,Office Supplies,Paper,Xerox 1942,78.304,2,0.2,29.364,2017,11,23,0.375,2017-11,3,0-100
7705,CA-2016-114601,2016-08-26,2016-09-02,Standard Class,AA-10480,Andrew Allen,Consumer,United States,Detroit,Michigan,48234,Central,FUR-TA-10004147,Furniture,Tables,Hon 4060 Series Tables,447.84,4,0.0,98.5248,2016,8,26,0.22,2016-08,7,100-500
522,CA-2015-157812,2015-03-22,2015-03-26,Standard Class,DB-13210,Dean Braden,Consumer,United States,Houston,Texas,77041,Central,OFF-BI-10000285,Office Supplies,Binders,XtraLife ClearVue Slant-D Ring Binders by Cardinal,14.112,9,0.8,-21.168,2015,3,22,-1.5,2015-03,4,0-100
2397,CA-2015-137897,2015-11-14,2015-11-19,Standard Class,PJ-18835,Patrick Jones,Corporate,United States,New York City,New York,10035,East,OFF-PA-10004041,Office Supplies,Paper,"It's Hot Message Books with Stickers, 2 3/4"" x 5""",37.0,5,0.0,16.65,2015,11,14,0.44999999999999996,2015-11,5,0-100
6273,CA-2017-149706,2017-12-11,2017-12-12,First Class,AS-10285,Alejandro Savely,Corporate,United States,Palatine,Illinois,60067,Central,TEC-AC-10001284,Technology,Accessories,Enermax Briskie RF Wireless Keyboard and Mouse Combo,116.312,7,0.2,23.2624,2017,12,11,0.2,2017-12,1,100-500
1185,CA-2014-127131,2014-11-24,2014-11-30,Standard Class,HR-14830,Harold Ryan,Corporate,United States,Seattle,Washington,98103,West,OFF-BI-10004656,Office Supplies,Binders,Peel & Stick Add-On Corner Pockets,12.096,7,0.2,4.2336,2014,11,24,0.35,2014-11,6,0-100
3509,CA-2014-166863,2014-06-20,2014-06-24,Standard Class,SC-20020,Sam Craven,Consumer,United States,Plano,Texas,75023,Central,OFF-PA-10001166,Office Supplies,Paper,Xerox 2,15.552,3,0.2,5.4432,2014,6,20,0.35000000000000003,2014-06,4,0-100
5173,CA-2016-122903,2016-05-27,2016-05-29,Second Class,LA-16780,Laura Armstrong,Corporate,United States,Detroit,Michigan,48205,Central,OFF-PA-10000994,Office Supplies,Paper,Xerox 1915,314.55,3,0.0,150.984,2016,5,27,0.48000000000000004,2016-05,2,100-500
1063,CA-2015-161263,2015-04-16,2015-04-21,Standard Class,TS-21160,Theresa Swint,Corporate,United States,Toledo,Ohio,43615,East,OFF-FA-10004838,Office Supplies,Fasteners,"Super Bands, 12/Pack",10.416,7,0.2,-2.2134,2015,4,16,-0.2125,2015-04,5,0-100
4857,CA-2015-137526,2015-01-13,2015-01-17,Standard Class,PB-19150,Philip Brown,Consumer,United States,Los Angeles,California,90004,West,OFF-BI-10003364,Office Supplies,Binders,Binding Machine Supplies,70.008,3,0.2,24.5028,2015,1,13,0.35000000000000003,2015-01,4,0-100
683,CA-2016-164511,2016-11-19,2016-11-24,Standard Class,DJ-13630,Doug Jacobs,Consumer,United States,New York City,New York,10024,East,OFF-ST-10004507,Office Supplies,Storage,Advantus Rolling Storage Box,68.6,4,0.0,18.522,2016,11,19,0.27,2016-11,5,0-100
9252,CA-2017-155712,2017-03-02,2017-03-08,Standard Class,KD-16615,Ken Dana,Corporate,United States,Los Angeles,California,90008,West,OFF-BI-10004224,Office Supplies,Binders,Catalog Binders with Expanding Posts,107.648,2,0.2,33.64,2017,3,2,0.3125,2017-03,6,100-500
7721,CA-2015-108588,2015-01-05,2015-01-10,Standard Class,BG-11695,Brooke Gillingham,Corporate,United States,New York City,New York,10009,East,OFF-EN-10000461,Office Supplies,Envelopes,"#10- 4 1/8"" x 9 1/2"" Recycled Envelopes",17.48,2,0.0,8.2156,2015,1,5,0.47000000000000003,2015-01,5,0-100
4124,CA-2017-133823,2017-05-11,2017-05-12,Same Day,LP-17080,Liz Pelletier,Consumer,United States,Seattle,Washington,98103,West,OFF-BI-10000962,Office Supplies,Binders,"Acco Flexible ACCOHIDE Square Ring Data Binder, Dark Blue, 11 1/2"" X 14"" 7/8""",26.032,2,0.2,9.4366,2017,5,11,0.3625,2017-05,1,0-100
2626,CA-2017-127180,2017-10-22,2017-10-24,First Class,TA-21385,Tom Ashbrook,Home Office,United States,New York City,New York,10024,East,OFF-EN-10002500,Office Supplies,Envelopes,Globe Weis Peel & Seel First Class Envelopes,63.9,5,0.0,28.755,2017,10,22,0.45,2017-10,2,0-100
6141,CA-2017-121083,2017-07-09,2017-07-15,Standard Class,JF-15190,Jamie Frazer,Consumer,United States,Manchester,Connecticut,6040,East,OFF-PA-10001497,Office Supplies,Paper,Xerox 1914,274.8,5,0.0,134.652,2017,7,9,0.48999999999999994,2017-07,6,100-500
7736,US-2016-106313,2016-08-22,2016-08-26,Standard Class,DG-13300,Deirdre Greer,Corporate,United States,Seattle,Washington,98105,West,OFF-PA-10001870,Office Supplies,Paper,Xerox 202,19.44,3,0.0,9.3312,2016,8,22,0.48000000000000004,2016-08,4,0-100
4778,CA-2016-101630,2016-02-19,2016-02-23,Second Class,CK-12760,Cyma Kinney,Corporate,United States,Long Beach,New York,11561,East,OFF-SU-10001664,Office Supplies,Supplies,Acme Office Executive Series Stainless Steel Trimmers,25.71,3,0.0,6.6846,2016,2,19,0.25999999999999995,2016-02,4,0-100
1397,CA-2016-124485,2016-11-24,2016-11-26,First Class,NC-18340,Nat Carroll,Consumer,United States,New York City,New York,10035,East,OFF-BI-10000822,Office Supplies,Binders,"Acco PRESSTEX Data Binder with Storage Hooks, Light Blue, 9 1/2"" X 11""",17.216,4,0.2,6.0256,2016,11,24,0.35,2016-11,2,0-100
7126,CA-2016-123176,2016-09-27,2016-09-29,Second Class,JG-15160,James Galang,Consumer,United States,Atlanta,Georgia,30318,South,OFF-PA-10003971,Office Supplies,Paper,Xerox 1965,17.94,3,0.0,8.7906,2016,9,27,0.48999999999999994,2016-09,2,0-100
2099,CA-2017-124401,2017-09-07,2017-09-12,Standard Class,RD-19900,Ruben Dartt,Consumer,United States,Portland,Oregon,97206,West,OFF-ST-10000649,Office Supplies,Storage,Hanging Personal Folder File,37.68,3,0.2,2.355,2017,9,7,0.0625,2017-09,5,0-100
5291,CA-2014-146283,2014-09-08,2014-09-15,Standard Class,KT-16465,Kean Takahito,Consumer,United States,Houston,Texas,77036,Central,FUR-CH-10004287,Furniture,Chairs,SAFCO Arco Folding Chair,966.7,5,0.3,-13.81,2014,9,8,-0.014285714285714285,2014-09,7,500-1000
6544,US-2017-107888,2017-11-16,2017-11-19,First Class,CC-12220,Chris Cortes,Consumer,United States,Seattle,Washington,98103,West,OFF-ST-10003123,Office Supplies,Storage,Fellowes Bases and Tops For Staxonsteel/High-Stak Systems,33.29,1,0.0,7.9896,2017,11,16,0.24000000000000002,2017-11,3,0-100
4374,US-2017-169320,2017-07-23,2017-07-25,Second Class,LH-16900,Lena Hernandez,Consumer,United States,Elkhart,Indiana,46514,Central,TEC-AC-10002550,Technology,Accessories,"Memorex 25GB 6X Branded Blu-Ray Recordable Disc, 30/Pack",159.75,5,0.0,11.1825,2017,7,23,0.06999999999999999,2017-07,2,100-500
1433,CA-2014-120768,2014-12-19,2014-12-21,Second Class,IM-15070,Irene Maddox,Consumer,United States,Florence,Alabama,35630,South,OFF-SU-10004115,Office Supplies,Supplies,Acme Stainless Steel Office Snips,7.27,1,0.0,1.9629,2014,12,19,0.27,2014-12,2,0-100
25,CA-2015-106320,2015-09-25,2015-09-30,Standard Class,EB-13870,Emily Burns,Consumer,United States,Orem,Utah,84057,West,FUR-TA-10000577,Furniture,Tables,Bretford CR4500 Series Slim Rectangular Table,1044.63,3,0.0,240.2649,2015,9,25,0.22999999999999998,2015-09,5,1000-5000
870,CA-2016-158099,2016-09-03,2016-09-05,First Class,PK-18910,Paul Knutson,Home Office,United States,Philadelphia,Pennsylvania,19143,East,OFF-BI-10000545,Office Supplies,Binders,GBC Ibimaster 500 Manual ProClick Binding System,1141.47,5,0.7,-760.98,2016,9,3,-0.6666666666666666,2016-09,2,1000-5000
8865,CA-2015-125934,2015-09-11,2015-09-18,Standard Class,SN-20560,Skye Norling,Home Office,United States,Paterson,New Jersey,7501,East,OFF-PA-10000556,Office Supplies,Paper,Xerox 208,38.88,6,0.0,18.6624,2015,9,11,0.48000000000000004,2015-09,7,0-100
5659,CA-2016-145261,2016-12-18,2016-12-21,First Class,AH-10120,Adrian Hane,Home Office,United States,Salem,Oregon,97301,West,FUR-TA-10002530,Furniture,Tables,"Iceberg OfficeWorks 42"" Round Tables",377.45,5,0.5,-264.215,2016,12,18,-0.7,2016-12,3,100-500
6976,CA-2015-112144,2015-06-28,2015-07-02,Standard Class,CY-12745,Craig Yedwab,Corporate,United States,Gilbert,Arizona,85234,West,OFF-LA-10000443,Office Supplies,Labels,Avery 501,5.904,2,0.2,1.9926,2015,6,28,0.33749999999999997,2015-06,4,0-100
404,CA-2014-155208,2014-04-16,2014-04-20,Standard Class,SP-20650,Stephanie Phelps,Corporate,United States,Wilmington,North Carolina,28403,South,OFF-AR-10003478,Office Supplies,Art,"Avery Hi-Liter EverBold Pen Style Fluorescent Highlighters, 4/Pack",39.072,6,0.2,9.768,2014,4,16,0.25,2014-04,4,0-100
8093,CA-2017-143658,2017-11-08,2017-11-13,Second Class,SR-20425,Sharelle Roach,Home Office,United States,New York City,New York,10035,East,OFF-AR-10002818,Office Supplies,Art,Panasonic KP-310 Heavy-Duty Electric Pencil Sharpener,109.9,5,0.0,32.97,2017,11,8,0.3,2017-11,5,100-500
2528,CA-2015-124541,2015-04-06,2015-04-10,Standard Class,TT-21220,Thomas Thornton,Consumer,United States,Houston,Texas,77041,Central,OFF-BI-10004209,Office Supplies,Binders,"Fellowes Twister Kit, Gray/Clear, 3/pkg",9.648,6,0.8,-16.884,2015,4,6,-1.75,2015-04,4,0-100
8239,CA-2017-103065,2017-10-20,2017-10-20,Same Day,PT-19090,Pete Takahito,Consumer,United States,Jacksonville,Florida,32216,South,OFF-PA-10000380,Office Supplies,Paper,"REDIFORM Incoming/Outgoing Call Register, 11"" X 8 1/2"", 100 Messages",6.672,1,0.2,2.502,2017,10,20,0.375,2017-10,0,0-100
7071,CA-2016-164490,2016-09-05,2016-09-10,Second Class,SU-20665,Stephanie Ulpright,Home Office,United States,Chicago,Illinois,60653,Central,OFF-PA-10004971,Office Supplies,Paper,Xerox 196,9.248,2,0.2,3.3524,2016,9,5,0.3625,2016-09,5,0-100
9161,CA-2016-118934,2016-08-09,2016-08-14,Standard Class,GH-14410,Gary Hansen,Home Office,United States,Hendersonville,Tennessee,37075,South,OFF-BI-10004465,Office Supplies,Binders,Avery Durable Slant Ring Binders,11.88,5,0.7,-7.92,2016,8,9,-0.6666666666666666,2016-08,5,0-100
682,CA-2016-164511,2016-11-19,2016-11-24,Standard Class,DJ-13630,Doug Jacobs,Consumer,United States,New York City,New York,10024,East,OFF-ST-10002583,Office Supplies,Storage,Fellowes Neat Ideas Storage Cubes,64.96,2,0.0,2.5984,2016,11,19,0.04,2016-11,5,0-100
5965,CA-2017-119011,2017-08-20,2017-08-25,Standard Class,LR-17035,Lisa Ryan,Corporate,United States,San Francisco,California,94109,West,OFF-SU-10004768,Office Supplies,Supplies,Acme Kleencut Forged Steel Scissors,17.22,3,0.0,5.166,2017,8,20,0.30000000000000004,2017-08,5,0-100
3624,CA-2014-159184,2014-09-14,2014-09-19,Standard Class,JC-15775,John Castell,Consumer,United States,Macon,Georgia,31204,South,OFF-BI-10001890,Office Supplies,Binders,Avery Poly Binder Pockets,7.16,2,0.0,3.4368,2014,9,14,0.48,2014-09,5,0-100
3883,CA-2015-129896,2015-06-15,2015-06-20,Standard Class,PF-19120,Peter Fuller,Consumer,United States,Gilbert,Arizona,85234,West,FUR-FU-10004904,Furniture,Furnishings,"Eldon ""L"" Workstation Diamond Chairmat",364.704,6,0.2,-36.4704,2015,6,15,-0.09999999999999999,2015-06,5,100-500
1772,CA-2016-129686,2016-11-27,2016-11-29,Second Class,GG-14650,Greg Guthrie,Corporate,United States,Chicago,Illinois,60623,Central,OFF-ST-10004337,Office Supplies,Storage,"SAFCO Commercial Wire Shelving, 72h",97.984,2,0.2,-24.496,2016,11,27,-0.25,2016-11,2,0-100
4946,CA-2016-151372,2016-09-05,2016-09-06,First Class,JH-15985,Joseph Holt,Consumer,United States,Redondo Beach,California,90278,West,OFF-BI-10000050,Office Supplies,Binders,"Angle-D Binders with Locking Rings, Label Holders",11.68,2,0.2,3.942,2016,9,5,0.3375,2016-09,1,0-100
1933,CA-2017-161200,2017-08-06,2017-08-10,Second Class,SV-20365,Seth Vernon,Consumer,United States,Lafayette,Louisiana,70506,South,FUR-BO-10000468,Furniture,Bookcases,O'Sullivan 2-Shelf Heavy-Duty Bookcases,145.74,3,0.0,23.3184,2017,8,6,0.16,2017-08,4,100-500
3154,CA-2015-147830,2015-12-15,2015-12-18,First Class,NF-18385,Natalie Fritzler,Consumer,United States,Newark,Ohio,43055,East,FUR-FU-10004091,Furniture,Furnishings,"Howard Miller 13"" Diameter Goldtone Round Wall Clock",262.864,7,0.2,69.0018,2015,12,15,0.2625,2015-12,3,100-500
9957,US-2014-143287,2014-11-11,2014-11-17,Standard Class,KN-16705,Kristina Nunn,Home Office,United States,New Rochelle,New York,10801,East,OFF-PA-10001776,Office Supplies,Paper,"Wirebound Message Books, Four 2 3/4"" x 5"" Forms per Page, 600 Sets per Book",46.35,5,0.0,21.7845,2014,11,11,0.47000000000000003,2014-11,6,0-100
4759,CA-2014-121573,2014-11-03,2014-11-07,Standard Class,SG-20605,Speros Goranitis,Consumer,United States,New York City,New York,10009,East,TEC-PH-10000984,Technology,Phones,Panasonic KX-TG9471B,783.96,4,0.0,219.5088,2014,11,3,0.27999999999999997,2014-11,4,500-1000
5002,CA-2016-136126,2016-05-24,2016-05-24,Same Day,EH-14125,Eugene Hildebrand,Home Office,United States,Newport News,Virginia,23602,South,OFF-SU-10000898,Office Supplies,Supplies,"Acme Hot Forged Carbon Steel Scissors with Nickel-Plated Handles, 3 7/8"" Cut, 8""L",69.5,5,0.0,20.155,2016,5,24,0.29000000000000004,2016-05,0,0-100
1725,CA-2015-127453,2015-12-19,2015-12-20,First Class,JK-15370,Jay Kimmel,Consumer,United States,Philadelphia,Pennsylvania,19143,East,OFF-AP-10000828,Office Supplies,Appliances,Avanti 4.4 Cu. Ft. Refrigerator,434.352,3,0.2,43.4352,2015,12,19,0.1,2015-12,1,100-500
2743,CA-2014-149244,2014-11-04,2014-11-08,Standard Class,MS-17530,MaryBeth Skach,Consumer,United States,San Diego,California,92037,West,FUR-FU-10004671,Furniture,Furnishings,"Executive Impressions 12"" Wall Clock",35.34,2,0.0,13.4292,2014,11,4,0.37999999999999995,2014-11,4,0-100
6424,CA-2015-149650,2015-10-24,2015-10-27,First Class,RD-19660,Robert Dilbeck,Home Office,United States,Oakland,California,94601,West,FUR-CH-10003956,Furniture,Chairs,Novimex High-Tech Fabric Mesh Task Chair,454.272,8,0.2,-73.8192,2015,10,24,-0.1625,2015-10,3,100-500
8761,CA-2016-159891,2016-01-31,2016-02-06,Standard Class,BF-11170,Ben Ferrer,Home Office,United States,Atlanta,Georgia,30318,South,OFF-BI-10003527,Office Supplies,Binders,Fellowes PB500 Electric Punch Plastic Comb Binding Machine with Manual Bind,1270.99,1,0.0,635.495,2016,1,31,0.5,2016-01,6,1000-5000
7988,US-2016-117793,2016-08-23,2016-08-29,Standard Class,MA-17560,Matt Abelman,Home Office,United States,Sheboygan,Wisconsin,53081,Central,OFF-LA-10002945,Office Supplies,Labels,"Permanent Self-Adhesive File Folder Labels for Typewriters, 1 1/8 x 3 1/2, White",25.2,4,0.0,11.592,2016,8,23,0.46,2016-08,6,0-100
8577,CA-2017-106747,2017-07-03,2017-07-04,First Class,TS-21505,Tony Sayre,Consumer,United States,Concord,New Hampshire,3301,East,FUR-FU-10004188,Furniture,Furnishings,Luxo Professional Combination Clamp-On Lamps,102.3,1,0.0,26.598,2017,7,3,0.26,2017-07,1,100-500
4927,CA-2017-117653,2017-10-19,2017-10-23,Standard Class,MO-17500,Mary O'Rourke,Consumer,United States,Chicago,Illinois,60623,Central,FUR-TA-10003008,Furniture,Tables,"Lesro Round Back Collection Coffee Table, End Table",91.275,1,0.5,-67.5435,2017,10,19,-0.7399999999999999,2017-10,4,0-100
3016,US-2015-138919,2015-09-17,2015-09-21,Standard Class,LS-16975,Lindsay Shagiari,Home Office,United States,New York City,New York,10035,East,FUR-TA-10004154,Furniture,Tables,"Riverside Furniture Oval Coffee Table, Oval End Table, End Table with Drawer",344.22,2,0.4,-103.266,2015,9,17,-0.3,2015-09,4,100-500
8748,CA-2017-128076,2017-02-02,2017-02-07,Standard Class,BO-11350,Bill Overfelt,Corporate,United States,San Diego,California,92105,West,OFF-BI-10003638,Office Supplies,Binders,GBC Durable Plastic Covers,30.96,2,0.2,10.062,2017,2,2,0.32499999999999996,2017-02,5,0-100
2740,CA-2017-122707,2017-04-16,2017-04-18,First Class,EB-13750,Edward Becker,Corporate,United States,Hoover,Alabama,35244,South,OFF-SU-10000157,Office Supplies,Supplies,Compact Automatic Electric Letter Opener,477.24,4,0.0,9.5448,2017,4,16,0.02,2017-04,2,100-500
2430,CA-2016-169922,2016-06-11,2016-06-17,Standard Class,MZ-17515,Mary Zewe,Corporate,United States,Arlington,Texas,76017,Central,FUR-FU-10004415,Furniture,Furnishings,"Stacking Tray, Side-Loading, Legal, Smoke",12.544,7,0.6,-9.0944,2016,6,11,-0.725,2016-06,6,0-100
1285,US-2015-149692,2015-12-06,2015-12-12,Standard Class,KW-16435,Katrina Willman,Consumer,United States,Austin,Texas,78745,Central,OFF-BI-10002813,Office Supplies,Binders,Avery Reinforcements for Hole-Punch Pages,2.772,7,0.8,-4.851,2015,12,6,-1.7500000000000002,2015-12,6,0-100
1633,CA-2016-106530,2016-05-08,2016-05-08,Same Day,CL-12565,Clay Ludtke,Consumer,United States,Cleveland,Ohio,44105,East,OFF-PA-10004451,Office Supplies,Paper,Xerox 222,10.368,2,0.2,3.6288,2016,5,8,0.35,2016-05,0,0-100
2791,CA-2014-125514,2014-09-21,2014-09-22,First Class,BM-11650,Brian Moss,Corporate,United States,Omaha,Nebraska,68104,Central,OFF-AP-10000358,Office Supplies,Appliances,Fellowes Basic Home/Office Series Surge Protectors,25.96,2,0.0,7.5284,2014,9,21,0.29,2014-09,1,0-100
6357,CA-2017-139080,2017-01-23,2017-01-28,Standard Class,CS-12250,Chris Selesnick,Corporate,United States,Seattle,Washington,98103,West,OFF-BI-10001757,Office Supplies,Binders,Pressboard Hanging Data Binders for Unburst Sheets,19.68,5,0.2,6.888,2017,1,23,0.35,2017-01,5,0-100
3972,CA-2015-132374,2015-02-22,2015-02-24,Second Class,PS-19045,Penelope Sewall,Home Office,United States,Sterling Heights,Michigan,48310,Central,OFF-AR-10001615,Office Supplies,Art,Newell 34,79.36,4,0.0,20.6336,2015,2,22,0.26,2015-02,2,0-100
5206,CA-2015-102015,2015-09-12,2015-09-18,Standard Class,TM-21010,Tamara Manning,Consumer,United States,Auburn,New York,13021,East,OFF-ST-10001713,Office Supplies,Storage,"Gould Plastics 9-Pocket Panel Bin, 18-3/8w x 5-1/4d x 20-1/2h, Black",105.98,2,0.0,4.2392,2015,9,12,0.04,2015-09,6,100-500
7193,CA-2016-116918,2016-10-01,2016-10-06,Second Class,JK-15205,Jamie Kunitz,Consumer,United States,Hialeah,Florida,33012,South,OFF-AR-10003631,Office Supplies,Art,Staples in misc. colors,30.976,8,0.2,5.0336,2016,10,1,0.1625,2016-10,5,0-100
1994,CA-2017-133648,2017-06-25,2017-07-02,Standard Class,ML-17755,Max Ludwig,Home Office,United States,Springfield,Oregon,97477,West,OFF-AR-10002257,Office Supplies,Art,"Eldon Spacemaker Box, Quick-Snap Lid, Clear",5.344,2,0.2,0.7348,2017,6,25,0.13749999999999998,2017-06,7,0-100
4203,CA-2015-143105,2015-12-10,2015-12-10,Same Day,MA-17560,Matt Abelman,Home Office,United States,New York City,New York,10024,East,OFF-PA-10002254,Office Supplies,Paper,Xerox 1883,184.66,7,0.0,84.9436,2015,12,10,0.46,2015-12,0,100-500
4225,CA-2016-108644,2016-09-30,2016-10-03,First Class,SJ-20215,Sarah Jordon,Consumer,United States,Quincy,Illinois,62301,Central,OFF-BI-10000343,Office Supplies,Binders,"Pressboard Covers with Storage Hooks, 9 1/2"" x 11"", Light Blue",1.964,2,0.8,-3.2406,2016,9,30,-1.6500000000000001,2016-09,3,0-100
7719,US-2017-146213,2017-09-09,2017-09-14,Standard Class,MC-17605,Matt Connell,Corporate,United States,Los Angeles,California,90032,West,TEC-AC-10001114,Technology,Accessories,Microsoft Wireless Mobile Mouse 4000,159.96,4,0.0,51.1872,2017,9,9,0.31999999999999995,2017-09,5,100-500
6511,CA-2017-102197,2017-12-20,2017-12-26,Standard Class,DK-13150,David Kendrick,Corporate,United States,New York City,New York,10009,East,OFF-PA-10004156,Office Supplies,Paper,Xerox 188,34.02,3,0.0,16.6698,2017,12,20,0.48999999999999994,2017-12,6,0-100
2759,CA-2016-146171,2016-03-11,2016-03-15,Standard Class,JP-16135,Julie Prescott,Home Office,United States,Columbus,Georgia,31907,South,FUR-FU-10004270,Furniture,Furnishings,"Executive Impressions 13"" Clairmont Wall Clock",76.92,4,0.0,31.5372,2016,3,11,0.41,2016-03,4,0-100
6225,CA-2017-140627,2017-12-23,2017-12-27,Standard Class,DK-12985,Darren Koutras,Consumer,United States,Hendersonville,Tennessee,37075,South,OFF-ST-10004123,Office Supplies,Storage,Safco Industrial Wire Shelving System,218.352,3,0.2,-54.588,2017,12,23,-0.25,2017-12,4,100-500
8099,CA-2017-122798,2017-12-28,2018-01-01,Standard Class,SV-20935,Susan Vittorini,Consumer,United States,Albuquerque,New Mexico,87105,West,OFF-PA-10004239,Office Supplies,Paper,Xerox 1953,4.28,1,0.0,1.926,2017,12,28,0.44999999999999996,2017-12,4,0-100
9181,CA-2017-156776,2017-08-07,2017-08-11,Standard Class,JL-15505,Jeremy Lonsdale,Consumer,United States,Westminster,California,92683,West,OFF-BI-10003355,Office Supplies,Binders,Cardinal Holdit Business Card Pockets,11.952,3,0.2,4.1832,2017,8,7,0.35000000000000003,2017-08,4,0-100
6893,CA-2017-164756,2017-09-18,2017-09-22,Standard Class,SS-20140,Saphhira Shifley,Corporate,United States,Columbus,Georgia,31907,South,OFF-PA-10003848,Office Supplies,Paper,Xerox 1997,25.92,4,0.0,12.4416,2017,9,18,0.4799999999999999,2017-09,4,0-100
5035,CA-2015-103954,2015-08-09,2015-08-13,Second Class,HR-14770,Hallie Redmond,Home Office,United States,Milwaukee,Wisconsin,53209,Central,FUR-BO-10004690,Furniture,Bookcases,O'Sullivan Cherrywood Estates Traditional Barrister Bookcase,687.4,5,0.0,48.118,2015,8,9,0.07,2015-08,4,500-1000
5823,CA-2017-117632,2017-05-12,2017-05-18,Standard Class,CS-12175,Charles Sheldon,Corporate,United States,San Francisco,California,94122,West,FUR-TA-10001520,Furniture,Tables,"Lesro Sheffield Collection Coffee Table, End Table, Center Table, Corner Table",285.48,5,0.2,-10.7055,2017,5,12,-0.0375,2017-05,6,100-500
7,CA-2014-115812,2014-06-09,2014-06-14,Standard Class,BH-11710,Brosina Hoffman,Consumer,United States,Los Angeles,California,90032,West,OFF-AR-10002833,Office Supplies,Art,Newell 322,7.28,4,0.0,1.9656,2014,6,9,0.27,2014-06,5,0-100
7255,CA-2016-152730,2016-05-30,2016-06-04,Standard Class,EM-14140,Eugene Moren,Home Office,United States,Superior,Wisconsin,54880,Central,FUR-FU-10001037,Furniture,Furnishings,"DAX Charcoal/Nickel-Tone Document Frame, 5 x 7",47.4,5,0.0,21.33,2016,5,30,0.44999999999999996,2016-05,5,0-100
5149,CA-2017-128734,2017-12-24,2017-12-31,Standard Class,JL-15175,James Lanier,Home Office,United States,Chandler,Arizona,85224,West,FUR-CH-10001394,Furniture,Chairs,Global Leather Executive Chair,842.376,3,0.2,105.297,2017,12,24,0.125,2017-12,7,500-1000
7377,US-2017-145597,2017-11-02,2017-11-05,First Class,GG-14650,Greg Guthrie,Corporate,United States,Bloomington,Illinois,61701,Central,OFF-AR-10001958,Office Supplies,Art,Stanley Bostitch Contemporary Electric Pencil Sharpeners,54.336,4,0.2,5.4336,2017,11,2,0.1,2017-11,3,0-100
2547,CA-2017-108070,2017-04-16,2017-04-20,Standard Class,JE-15745,Joel Eaton,Consumer,United States,San Jose,California,95123,West,FUR-BO-10001337,Furniture,Bookcases,O'Sullivan Living Dimensions 2-Shelf Bookcases,102.833,1,0.15,-6.049,2017,4,16,-0.05882352941176471,2017-04,4,100-500
6920,CA-2015-102806,2015-05-21,2015-05-28,Standard Class,HG-14965,Henry Goldwyn,Corporate,United States,Philadelphia,Pennsylvania,19143,East,OFF-BI-10001597,Office Supplies,Binders,"Wilson Jones Ledger-Size, Piano-Hinge Binder, 2"", Blue",24.588,2,0.7,-18.0312,2015,5,21,-0.7333333333333333,2015-05,7,0-100
2382,CA-2016-118052,2016-05-06,2016-05-10,Standard Class,BE-11455,Brad Eason,Home Office,United States,Lorain,Ohio,44052,East,FUR-FU-10004848,Furniture,Furnishings,DAX Solid Wood Frames,54.712,7,0.2,11.6263,2016,5,6,0.2125,2016-05,4,0-100
5055,CA-2015-141243,2015-01-03,2015-01-08,Second Class,AH-10465,Amy Hunt,Consumer,United States,Dallas,Texas,75217,Central,OFF-AR-10001246,Office Supplies,Art,Newell 317,7.056,3,0.2,0.7938,2015,1,3,0.11249999999999999,2015-01,5,0-100
7054,CA-2016-165330,2016-12-11,2016-12-11,Same Day,WB-21850,William Brown,Consumer,United States,Anaheim,California,92804,West,TEC-AC-10000057,Technology,Accessories,Microsoft Natural Ergonomic Keyboard 4000,119.96,4,0.0,25.1916,2016,12,11,0.21000000000000002,2016-12,0,100-500
1595,CA-2015-118423,2015-03-24,2015-03-27,First Class,DP-13390,Dennis Pardue,Home Office,United States,Peoria,Illinois,61604,Central,FUR-BO-10000362,Furniture,Bookcases,Sauder Inglewood Library Bookcases,359.058,3,0.3,-35.9058,2015,3,24,-0.1,2015-03,3,100-500
5459,CA-2017-116680,2017-09-04,2017-09-06,Second Class,PK-19075,Pete Kriz,Consumer,United States,San Francisco,California,94122,West,OFF-BI-10004022,Office Supplies,Binders,Acco Suede Grain Vinyl Round Ring Binder,13.344,6,0.2,4.3368,2017,9,4,0.325,2017-09,2,0-100
9562,CA-2016-129280,2016-05-03,2016-05-05,First Class,SM-20905,Susan MacKendrick,Consumer,United States,Newark,Ohio,43055,East,TEC-AC-10002637,Technology,Accessories,Logitech VX Revolution Cordless Laser Mouse for Notebooks (Black),431.976,3,0.2,-75.5958,2016,5,3,-0.175,2016-05,2,100-500
311,CA-2016-142902,2016-09-12,2016-09-14,Second Class,BP-11185,Ben Peterman,Corporate,United States,Arvada,Colorado,80004,West,FUR-CH-10004086,Furniture,Chairs,Hon 4070 Series Pagoda Armless Upholstered Stacking Chairs,466.768,2,0.2,52.5114,2016,9,12,0.11250000000000002,2016-09,2,100-500
453,CA-2016-166674,2016-04-01,2016-04-03,Second Class,RB-19360,Raymond Buch,Consumer,United States,Auburn,New York,13021,East,TEC-PH-10002365,Technology,Phones,Belkin Grip Candy Sheer Case / Cover for iPhone 5 and 5S,35.12,4,0.0,9.1312,2016,4,1,0.26,2016-04,2,0-100
2636,CA-2015-116750,2015-07-05,2015-07-10,Second Class,BF-10975,Barbara Fisher,Corporate,United States,Fayetteville,North Carolina,28314,South,OFF-BI-10004728,Office Supplies,Binders,Wilson Jones Turn Tabs Binder Tool for Ring Binders,7.23,5,0.7,-5.784,2015,7,5,-0.7999999999999999,2015-07,5,0-100
1458,CA-2015-111297,2015-08-17,2015-08-21,Standard Class,SC-20440,Shaun Chance,Corporate,United States,New Bedford,Massachusetts,2740,East,OFF-BI-10002412,Office Supplies,Binders,Wilson Jones Snap Scratch Pad Binder Tool for Ring Binders,52.2,9,0.0,23.49,2015,8,17,0.44999999999999996,2015-08,4,0-100
4714,CA-2014-108273,2014-12-16,2014-12-21,Standard Class,EJ-13720,Ed Jacobs,Consumer,United States,Huntsville,Texas,77340,Central,FUR-FU-10002116,Furniture,Furnishings,"Tenex Carpeted, Granite-Look or Clear Contemporary Contour Shape Chair Mats",56.568,2,0.6,-74.9526,2014,12,16,-1.3250000000000002,2014-12,5,0-100
2327,CA-2015-105102,2015-09-15,2015-09-19,Second Class,BM-11575,Brendan Murry,Corporate,United States,New York City,New York,10035,East,FUR-BO-10004709,Furniture,Bookcases,"Bush Westfield Collection Bookcases, Medium Cherry Finish",46.384,1,0.2,1.1596,2015,9,15,0.024999999999999998,2015-09,4,0-100
2145,CA-2016-155481,2016-09-01,2016-09-05,Standard Class,DK-13225,Dean Katz,Corporate,United States,Philadelphia,Pennsylvania,19140,East,OFF-FA-10002780,Office Supplies,Fasteners,Staples,16.688,7,0.2,5.4236,2016,9,1,0.32500000000000007,2016-09,4,0-100
8320,CA-2017-133620,2017-11-13,2017-11-18,Standard Class,EM-14065,Erin Mull,Consumer,United States,New York City,New York,10009,East,OFF-ST-10004634,Office Supplies,Storage,"Personal Folder Holder, Ebony",11.21,1,0.0,3.363,2017,11,13,0.3,2017-11,5,0-100
3751,CA-2017-161956,2017-08-27,2017-08-29,Second Class,DR-12880,Dan Reichenbach,Corporate,United States,Inglewood,California,90301,West,OFF-SU-10002503,Office Supplies,Supplies,Acme Preferred Stainless Steel Scissors,28.4,5,0.0,8.236,2017,8,27,0.29000000000000004,2017-08,2,0-100
435,US-2014-150574,2014-12-19,2014-12-25,Standard Class,MK-18160,Mike Kennedy,Consumer,United States,Jacksonville,Florida,32216,South,OFF-BI-10000773,Office Supplies,Binders,Insertable Tab Post Binder Dividers,4.812,2,0.7,-3.6892,2014,12,19,-0.7666666666666666,2014-12,6,0-100
1242,CA-2016-128727,2016-08-29,2016-09-04,Standard Class,MO-17800,Meg O'Connel,Home Office,United States,New York City,New York,10024,East,TEC-PH-10003442,Technology,Phones,Samsung Replacement EH64AVFWE Premium Headset,22.0,4,0.0,5.5,2016,8,29,0.25,2016-08,6,0-100
3483,CA-2014-124688,2014-08-27,2014-08-29,First Class,CC-12610,Corey Catlett,Corporate,United States,Springfield,Virginia,22153,South,TEC-PH-10000455,Technology,Phones,GE 30522EE2,579.95,5,0.0,168.1855,2014,8,27,0.29,2014-08,2,500-1000
8290,CA-2014-156244,2014-08-12,2014-08-16,Standard Class,DH-13675,Duane Huffman,Home Office,United States,Miami,Florida,33180,South,OFF-AP-10002403,Office Supplies,Appliances,Acco Smartsocket Color-Coded Six-Outlet AC Adapter Model Surge Protectors,211.248,6,0.2,15.8436,2014,8,12,0.07500000000000001,2014-08,4,100-500
9278,CA-2017-122539,2017-12-01,2017-12-05,Standard Class,SC-20305,Sean Christensen,Consumer,United States,Philadelphia,Pennsylvania,19140,East,OFF-LA-10004853,Office Supplies,Labels,Avery 483,15.936,4,0.2,5.1792,2017,12,1,0.325,2017-12,4,0-100
6765,CA-2016-144764,2016-09-02,2016-09-08,Standard Class,RL-19615,Rob Lucas,Consumer,United States,Chicago,Illinois,60623,Central,TEC-MA-10003230,Technology,Machines,Okidata C610n Printer,1362.9,3,0.3,-19.47,2016,9,2,-0.014285714285714284,2016-09,6,1000-5000
9198,CA-2014-103310,2014-05-10,2014-05-15,Standard Class,GM-14680,Greg Matthias,Consumer,United States,San Jose,California,95123,West,TEC-PH-10001817,Technology,Phones,Wilson Electronics DB Pro Signal Booster,1432.0,5,0.2,125.3,2014,5,10,0.0875,2014-05,5,1000-5000
1360,US-2014-151925,2014-09-26,2014-10-01,Second Class,KT-16465,Kean Takahito,Consumer,United States,Los Angeles,California,90049,West,FUR-CH-10002961,Furniture,Chairs,"Leather Task Chair, Black",145.568,2,0.2,0.0,2014,9,26,0.0,2014-09,5,100-500
533,US-2017-129441,2017-09-07,2017-09-11,Standard Class,JC-15340,Jasper Cacioppo,Consumer,United States,Los Angeles,California,90032,West,FUR-FU-10000448,Furniture,Furnishings,Tenex Chairmats For Use With Carpeted Floors,47.94,3,0.0,2.397,2017,9,7,0.049999999999999996,2017-09,4,0-100
